Winner,Move Count,Moves,Final Position
Black,58,Nf3 Nf6 Nc3 b5 Nxb5 a6 c4 c6 Nd6+ exd6 e3 d5 d3 dxc4 dxc4 d5 Qd2 Bc5 Qd3 O-O Qxd5 Qxd5 b4 Bxb4+ Bd2 Qf5 O-O-O Bc5 Bb4 Nbd7 Bd3 Qg6 Rdf1 Ba7 Be2 Bc5 Bc3 Ne4 Ne5 f6 f4 Nxe5 Bf3 Bf5 Bxe4 Bd7 Bd5+ cxd5 h4 Bxe3+ Bd2 Nxc4 Rh2 Qd3 Re1 Bxd2+ Kd1 Bxf4#,r4rk1/3b2pp/p4p2/3p4/2n2b1P/3q4/P5PR/3KR3 w - - 0 30
Black,98,Nf3 Nf6 Nc3 e5 Nb5 c6 Nd6+ Bxd6 e3 O-O d4 Qe7 dxe5 Qxe5 c3 Qxh2 Nd2 Qh6 Rg1 Bh2 Nf3 Bc7 Bc4 a5 Bd2 d5 Bd3 Qh4 Bxh7+ Kh8 Bf5 Qb4 Nd4 Bh2 Rh1 Nbd7 cxb4 Rb8 f3 Kg8 bxa5 Bg3+ Kf1 Ne4 Bxe4 f6 Nf5 Be1 Bc3 Bxc3 Ne7+ Kf7 Bxd5+ Kxe7 Bc4 Bxb2 Rb1 b6 Rh7 Rf7 Kg1 bxa5 Qb3 Nb6 Bd3 Bf5 Bxf5 g6 Bxg6 a4 Bf5 Bd4 Qxb6 Bxb6 Rxb6 Rxb6 Be4 f5 Kf1 fxe4 Rh8 Rf8 Rh7+ Rf7 Rh8 Rf8 Rh7+ Rf7 Rh8 Rf8 Rh7+ Rf7 Rh2 Rxf3+ gxf3 exf3 Rf2 Rb1#,8/4k3/2p5/8/p7/4Pp2/P4R2/1r3K2 w - - 2 50
White,69,Nf3 Nf6 Nc3 Nc6 Nb5 Nd5 Nxc7+ Qxc7 e4 Ndb4 c3 Qb8 Bc4 Nc2+ Qxc2 d5 d3 dxc4 dxc4 f5 Qb3 Be6 c5 g6 exf5 Bxf5 O-O e6 Be3 Bg7 Rab1 Bxc3 Qxc3 O-O Rbe1 Qe5 Qxe5 Rae8 Bf4 b6 Qd6 g5 Qxe6+ Bxe6 Bc7 Kh8 Be5+ Kg8 cxb6 Nb8 bxa7 Nc6 Rc1 Rc8 Rxc6 Bxa2 Ra6 Bc4 Rd6 g4 b3 Bf7 Bf6 Rfd8 Rxd8+ Be8 Ne5 Rc6 Rxe8#,4R1k1/P6p/2r2B2/4N3/6p1/1P6/5PPP/5RK1 b - - 0 35
White,55,Nf3 d5 e4 e6 Bb5+ c6 Bxc6+ Nxc6 d3 Nb4 Nd4 Nxd3+ cxd3 dxe4 dxe4 g5 Nc3 e5 Nf3 f6 Be3 Qb6 O-O Bh3 Bxb6 Bxg2 Nxe5 Rd8 Bxa7 Ra8 Bd4 Ke7 Qa4 Rd8 Bc5+ Ke6 Nf7 Rd5 Ba3 Bg7 Nxg5+ Ke5 f3 Bxf3 Ne6 Rd1 Raxd1 Bh6 Nc5 Bg2 Qe8+ Ne7 Qd8 Nd5 Rxd5#,3Q3r/1p5p/5p1b/2NRk3/4P3/B1N5/PP4bP/5RK1 b - - 0 28
White,45,Nf3 Nf6 Nc3 Nc6 Nb5 Nd5 Nxc7+ Qxc7 e4 Ndb4 Rb1 f6 c3 Kf7 Bc4+ d5 d3 dxc4 dxc4 Nxa2 Bf4 Bh3 Qb3 Qb6 Bd6 Bxg2 Bb4 Nxc3 bxc3 Ne5 Nxe5+ Kg8 Rg1 Bxe4 Rd1 Bc2 Qb2 Bf5 Rd7 Qxf2+ Qxf2 e6 Ng4 e5 Nxf6#,r4bkr/pp1R2pp/5N2/4pb2/1BP5/2P5/5Q1P/4K1R1 b - - 0 23
White,57,Nf3 Nf6 Nc3 Nc6 e4 Nb4 d3 e6 Bf4 Rg8 Nd4 Nxd3+ cxd3 c5 Nf5 exf5 f3 Nxe4 fxe4 fxe4 Nxe4 Ke7 Nf6 gxf6 Qf3 Bh6 Bd6+ Ke6 Bxc5 Qb6 Qe3+ Kd5 Qg3 Kc6 Bxb6 Re8+ Qe3 Rf8 Bd4 Kd5 Qxh6 Re8+ Be2 d6 Bxf6 Ke6 Bd4+ Kd5 Bf2 Re6 Qxh7 f6 Qf5+ Re5 Qxf6 Rg5 Bf3#,r1b5/pp6/3p1Q2/3k2r1/8/3P1B2/PP3BPP/R3K2R b KQ - 2 29
White,77,Nf3 Nf6 Nc3 Nc6 Nb1 Ng8 Nc3 Nb4 Nd4 Nxc2+ Qxc2 e5 Ndb5 c6 Qb1 Bc5 Nc7+ Qxc7 d4 d6 dxc5 dxc5 f4 f6 Nd5 Qa5+ b4 Qxb4+ Qxb4 cxd5 Qxc5 b6 Qxd5 Bb7 Qxb7 Rb8 Qxb6 Ra8 Qc6+ Kf8 Qxf6+ Ke8 Qxg7 Ne7 e3 Rg8 Qxh7 Rg7 Qe4 Rd8 Qxe5 Kf8 Qd4 Nc6 Qf6+ Rf7 Bc4 Ne5 fxe5 Re8 Bb2 Rxe5 O-O Re4 Bd5 Rb4 Bc3 Rb5 Bc6 Rc5 Qg5 Rff5 Qxf5+ Kg8 a3 Rc4 Bd5#,6k1/p7/8/3B1Q2/2r5/P1B1P3/6PP/R4RK1 b - - 2 39
White,79,Nf3 f5 Nc3 Nf6 e3 Nc6 Ke2 Nd4+ Nxd4 e6 Ndb5 c6 Nc7+ Qxc7 Nd5 Bd6 Nxf6+ gxf6 f4 O-O d3 Bc5 d4 d6 dxc5 dxc5 h4 Bd7 c3 Rae8 Qd6 Rc8 Qxc5 Qb6 Qd6 Qc7 Qd4 c5 b4 Rfd8 Qxf6 cxb4 Kd2 Qxc3+ Kd1 Qe1+ Kxe1 Bb5 Qxe6+ Kh8 Bb2+ Rc3 Qf6+ Kg8 Bc4+ Rd5 Qg6+ Kh8 Qf6+ Kg8 e4 Bxc4 Qxc3 fxe4 Qxc4 b5 Qxe4 Rd4 Qe8+ Kg7 Rf1 b3 axb3 b4 Rxa7+ Kh6 Qe6+ Kh5 Rxh7#,8/7R/4Q3/7k/1p1r1P1P/1P6/1B4P1/4KR2 b - - 0 40
White,67,Nf3 Nf6 Nc3 Nc6 Nb5 Nd5 Na3 f6 e4 e6 Nc4 Ncb4 c3 Nc2+ Qxc2 Ba3 d3 Bxb2 Bxb2 Nb4 O-O-O Nxd3+ Bxd3 d5 exd5 exd5 a3 O-O Nb6 cxb6 c4 dxc4 Bxc4+ Be6 Bxe6+ Rf7 Qc8 Qxc8+ Bxc8 Rd7 Bxb7 Rad8 Bc6 Rd6 Bd5+ Rxd5 Bxf6 Rxd1+ Rxd1 Rc8+ Kb1 Rc1+ Kxc1 b5 Bd4 b4 h3 b3 Bxa7 b2+ Kxb2 Kh8 Bc5 Kg8 Kc1 Kh8 Rd8#,3R3k/6pp/8/2B5/8/P4N1P/5PP1/2K5 b - - 6 34
White,99,Nf3 Nf6 Nc3 Nc6 Nb5 Nd5 Nxc7+ Qxc7 e4 Ndb4 c3 Nc2+ Qxc2 f5 d3 d6 Bf4 Nd4 O-O-O e5 cxd4 Qf7 Nxe5 fxe4 Nxf7 e3 fxe3 Rg8 Nxd6+ Kd7 Qc4 Rh8 Nf7 Ke8 Kd2 Rg8 Nd6+ Kd7 Nf5 Rh8 Qa6 Ke8 Qa4+ Bd7 Qb3 Ba3 Kc1 Bxb2+ Kb1 Bxd4 Qxb7 Rb8 Nxg7+ Ke7 Qxb8 Bb2 d4 Bxd4 Bd3 Be5 Bxe5 Rf8 Nf5+ Ke6 Bc7 Rc8 Kc1 Kf6 h3 Bxf5 Bb1 Kg6 Bxf5+ Kf6 Rd7 Rxc7+ Kb1 Rb7+ Qxb7 Kg5 Bxh7 Kf6 Rf1+ Ke6 Rd8 Ke5 Bg6 Ke6 Qxa7 Ke5 Qc5+ Ke6 Re8+ Kd7 Ref8 Ke6 g3 Kd7 Bf5#,5R2/3k4/8/2Q2B2/8/4P1PP/P7/1K3R2 b - - 2 50
White,85,Nf3 Nf6 Nc3 Nc6 Nb5 Nd5 Nxc7+ Qxc7 d4 Ncb4 c3 Qxc3+ bxc3 Nxc3 Qb3 Nbd5 e4 e6 Kd2 Nxe4+ Kd3 Nxf2+ Ke2 f6 Rg1 Ne4 Ba3 Ndc3+ Kd3 d5 Bc5 Nxc5+ Kxc3 Ne4+ Kd3 Nd6 Ke2 e5 Nxe5 fxe5 dxe5 Nc4 Qb5+ Bd7 Qxb7 Bc8 Qc6+ Bd7 Qb7 Bc8 Qc6+ Bd7 Qb7 Bc8 Qc6+ Bd7 Qb7 Ba4 e6 Nd6 Qxd5 Bc6 Qxc6+ Ke7 Re1 Rc8 Qa6 Rc2+ Kd1 Rxg2 Be2 Nf5 Qa5 Ne3+ Kd2 Nc4+ Kc1 Rxe2 Qc5+ Ke8 Qd4 Rd2 Qxg7 Rxa2 Qd7#,4kb1r/p2Q3p/4P3/8/2n5/8/r6P/2K1R1R1 b - - 1 43
White,65,Nf3 b5 Nc3 c6 e3 Nf6 d3 e6 Be2 d6 O-O Nbd7 Nd4 Ne5 f3 Nxf3+ Bxf3 Bd7 Bxc6 Rc8 Bxd7+ Nxd7 Bd2 Nf6 Rc1 Ne4 Nf3 f5 Nxe4 fxe4 c4 exd3 Rc2 Be7 Rc3 O-O cxb5 Qa5 Rc7 Qxb5 Ba5 Bf6 Nd4 Bxd4 a4 Qxa5 Rxa7 Bb6 Rb7 Bxe3+ Rf2 Qd2 Qxd2 Rxf2 Qxd3 Rd2+ Qxe3 Rd1+ Kf2 Rf8+ Ke2 Rh1 Qxe6+ Rf7 Rb8#,1R4k1/5rpp/3pQ3/8/P7/8/1P2K1PP/7r b - - 2 33
Black,80,Nf3 Nf6 Nc3 Nc6 Nb5 Nd5 Nxc7+ Qxc7 e4 Nb8 d3 Nb4 c3 Nxd3+ Bxd3 f5 Bf4 Qd6 e5 Nc6 Bxf5 Qxe5+ Nxe5 e6 f3 Bb4 Bg6+ Kf8 Be4 Ne7 Bxb7 Bxc3+ Kf1 Bxb2 Rb1 Rb8 Ng6+ Nxg6 Bc7 Rxb7 Bb6 Be5 Rc1 Rc7 Bc5+ d6 Qxd6+ Bxd6 Kg1 Rxc5 Rd1 Rc6 Rxd6 Ne5 Rd8+ Kf7 f4 Ng6 Rxc8 Rd6 Rc7+ Kg8 f5 exf5 Rxa7 Ne5 Re7 Nc6 Re8+ Kf7 Rd8 Rhxd8 Kf1 Kg8 Kg1 Rd2 Kf1 Rxa2 Kg1 Rd1#,6k1/6pp/2n5/5p2/8/8/r5PP/3r2KR w - - 2 41
White,81,Nf3 Nf6 Nc3 Nc6 Nb5 Nb8 e3 c6 Nd6+ exd6 d3 Qa5+ Bd2 Qe5 c3 Be7 Be2 O-O O-O Qb5 Rb1 Qc4 Qb3 Qe6 Rbe1 Re8 Qc4 Qe4 Qxe4 Bd8 d4 Be7 Qe5 dxe5 a4 d6 Nxe5 Ne4 h3 f6 f3 f5 fxe4 fxe4 Nxc6 Bg5 Bh5 Nxc6 Bxe8 Bxe3+ Rxe3 Be6 Bf7+ Bxf7 Rxe4 Re8 Ree1 Rf8 Bf4 Bc4 Rc1 Ne5 Bxe5 Rxf1+ Rxf1 d5 Bc7 Bb3 a5 Bc4 h4 b6 Bxb6 axb6 axb6 Ba6 Ra1 Bc4 b7 Kh8 Ra8#,R6k/1P4pp/8/3p4/2bP3P/2P5/1P4P1/6K1 b - - 2 41
White,19,Nf3 Nf6 g3 Nc6 Nc3 Nb4 Nd4 Nxc2+ Qxc2 e5 Ndb5 c6 f4 Nh5 Nc7+ Ke7 Qf5 Nxg3 Qxe5#,r1bq1b1r/ppNpkppp/2p5/4Q3/5P2/2N3n1/PP1PP2P/R1B1KB1R b KQ - 0 10
White,65,Nf3 Nf6 Nc3 Nc6 Nb5 Nd5 Nxc7+ Qxc7 e4 Ndb4 c3 Nc2+ Qxc2 f5 d3 Nb4 Nd4 Nxd3+ Bxd3 fxe4 Qb1 d5 Nb5 Qc4 Bxc4 e6 Nc7+ Kd8 Nxd5 exd5 Ke2 Bd6 f4 exf3+ Kf1 fxg2+ Kxg2 Be6 Bxd5 Bxd5+ Kh3 Rc8 Rd1 h6 Qg6 Bf7 Qxg7 Rg8 Qg1 Ke7 Qxa7 Bc5 Qxb7+ Rc7 Qxc7+ Kf8 Bf4 Bd6 Qxd6+ Kg7 Be5+ Kh7 Qd5 Re8 Qxf7#,4r3/5Q1k/7p/4B3/8/2P4K/PP5P/R2R4 b - - 0 33
Black,154,Nf3 Nf6 Nc3 h5 Nb5 c6 Nd6+ exd6 e3 Be7 d3 O-O c3 Re8 Be2 Rf8 O-O Re8 Bd2 Qb6 Rb1 Qa6 Qb3 Qxa2 Qc4 Qa6 Rbe1 Ng4 Qe4 f6 Qg6 Ne5 Qxe8+ Bf8 Nd4 Qxd3 Nxc6 Ng6 e4 Ne5 Qxe5 Nxc6 f4 Ne7 Qe6+ Kh8 Qf7 Qd5 Qxf8+ Qg8 Qxe7 Qe6 Qd8+ Qg8 Qe7 Qe6 Qd8+ Qg8 Qe7 Qe6 Qd8+ Qg8 Qe7 d5 Qd6 Qe6 Qf8+ Qg8 Qd6 Qe6 Qf8+ Qg8 Qd6 Qe6 Qf8+ Qg8 Qd6 Kh7 Be3 d4 Bxd4 Qe6 Qe5 d6 Qg5 fxg5 e5 d5 Bf3 Qb6 Bxb6 gxf4 Bc5 b6 Bxd5 Bb7 Bxb7 Rb8 Bd6 Rxb7 Rxf4 a5 Rf5 Kg6 Rf8 Kh7 Rb8 g5 Bc7 Ra7 Bxb6 Rb7 Rxb7+ Kg8 Bc7 Kf8 Rc1 a4 Rb8+ Kg7 Ra8 g4 Ra7 Kg8 Ra8+ Kh7 Rd1 a3 Rd7+ Kg6 Rg8+ Kf5 e6 Kxe6 Rh7 axb2 Bd8 b1=Q+ Kf2 Qc2+ Kg1 Qxh7 Rg7 Qh8 Rg8 Qh7 Rg7 Qh8 Rg8 Qh7 Rg7 Qe4 Rxg4 Qe1#,3B4/8/4k3/7p/6R1/2P5/6PP/4q1K1 w - - 1 78
Black,34,f3 Nf6 Nc3 Nc6 Nb5 h6 e3 Nd5 Nxc7+ Qxc7 c4 e6 d3 Bb4+ Bd2 Bxd2+ Kf2 Qb8 cxd5 Ba5 dxc6 dxc6 Qe1 Bc7 f4 f6 Nf3 O-O Kg1 Bb6 Nd4 Bxd4 Qc3 Bxe3#,rqb2rk1/pp4p1/2p1pp1p/8/5P2/2QPb3/PP4PP/R4BKR w - - 0 18
Black,100,Nf3 e6 Nc3 Nf6 Nb5 c6 Nd6+ Bxd6 e3 Ba3 d3 Bxb2 Bxb2 Qb6 Bc1 d6 c3 O-O g4 Qc5 Bd2 Qa5 c4 Qe5 c5 Qxc5 g5 Nbd7 gxf6 Ne5 Be2 Nxf3+ Bxf3 Qd5 Bb4 c5 Bxc5 dxc5 d4 Qxd4 Bxb7 Bxb7 O-O Bd5 Rc1 Rac8 Rxc5 Qxf6 Rb5 Bc4 Rb7 Rb8 Rc7 Rbc8 f3 Bd5 Rd7 Bc6 Rxa7 Ra8 Rc7 Qe5 f4 f6 Rxc6 Rfd8 Rc8 Rdxc8 f5 Qc5 fxe6 Qxe3+ Rf2 Rd8 Qb3 Qd2 Qd3 Qxa2 Qe4 Qd5 Qa4 Qxe6 Qa2 Qxa2 Rf1 Qe6 Rxf6 Qe3+ Rf2 Rd1+ Kg2 g5 Rf3 Re8 Rf8+ Rxf8 h4 gxh4 Kh2 Rf2#,6k1/7p/8/8/7p/4q3/5r1K/3r4 w - - 2 51
White,77,f3 Nf6 d3 Nc6 Bf4 e5 Bxe5 d6 Bxd6 cxd6 e3 Nb4 c3 Nc2+ Qxc2 Be6 Qb3 Qb6 Ne2 Bf5 Nd4 Bxd3 Nd2 Ba6 Bxa6 d5 Bxb7 Rd8 Nc6 Ba3 Qxb6 Rd7 Qd4 Bxb2 c4 Re7 Kf2 Ne4+ fxe4 Bc3 Rad1 Bxd2 Qxg7 f6 a4 Rf8 Qg3 Bxe3+ Kf1 Kf7 Rb1 Bb6 exd5 Ke8 Nb4 Bc5 Nd3 Bb6 Bc6+ Kd8 Qd6+ Kc8 Qxe7 Rf7 Qe6+ Rd7 Qxf6 Bd8 Qe6 Bc7 Kg1 Bb6+ c5 Bxc5+ Kf1 Bd6 Qxd7#,2k5/p2Q3p/2Bb4/3P4/P7/3N4/6PP/1R3K1R b - - 0 39
White,77,Nf3 Nf6 Nc3 Nc6 Nb5 Nd5 Nxc7+ Qxc7 e4 Ndb4 c3 e5 d4 h6 b3 f6 Nxe5 Nc2+ Qxc2 Nxd4 cxd4 d5 Qc5 Qxe5 Bb5+ Bd7 Bc4 dxe4 f3 exf3+ dxe5 fxg2 Qf2 gxh1=R+ Qf1 Bb4+ Bd2 Rxh2 Qg1 Bc5 Qxg7 Ba4 Bf4 Rg8 Qxb7 Bc6 Qxc6+ Kf8 exf6 Bd4 O-O-O Rc8 Qd7 Rf2 Be3 Bxe3+ Qd2 Re8 Rf1 Rxf1+ Kc2 Rxf6 Qc3 Rf2+ Kd3 Bc5 Qd4 Bb6 Qe3 Rxa2 Qd2 Ra1 Qc3 Rd1+ Kc2 Rdd8 Qf6#,3rrkr1/p7/1b3Q1p/8/2B5/1P6/2K5/8 b - - 7 39
Black,134,Nf3 Nf6 Nc3 Nc6 Nb5 Nd5 Nxc7+ Qxc7 e4 Ndb4 c3 f6 Bc4 d5 d3 dxc4 dxc4 e6 Bf4 Nd5 exd5 e5 Bxe5 Qb6 dxc6 Qxc6 Bd4 Qc5 Bxc5 Bxc5 Qd5 Be7 O-O Rf8 Qh5+ g6 Qxh7 Rf7 Qg8+ Rf8 Qxg6+ Rf7 Rae1 Bf5 Qh5 Bg6 Qg4 Bf5 Qf4 Bd3 Qe3 Bxc4 Qe4 f5 Qxb7 Rb8 Qb3 Bd3 Ne5 Bb5 c4 Bf6 f4 Bxe5 Re2 Ba6 Qb5+ Rxb5 Ree1 Rxb2 c5 Rc2 Rf2 Re2 Kf1 Rb2+ Rfe2 Rc7 fxe5 Rxe2 Rc1 Rc2+ Kg1 R7xc5 Rxc2 Rc8 Rc6 Bb7 a4 Kf8 Rf6+ Kg7 Rxf5 Rf8 Rf2 Bc6 Rc2 Bxa4 Ra2 Bb3 Ra3 Bc4 Ra4 Bb5 Ra5 Bc6 Ra6 Bb7 Rxa7 Ra8 Rxb7+ Kg8 Rb8+ Rxb8 e6 Re8 Kh1 Rxe6 Kg1 Re1+ Kf2 Rh1 Kg3 Rf1 Kh3 Rf8 Kg3 Re8 Kf2 Rf8+ Kg1 Re8 Kh1 Re1#,6k1/8/8/8/8/8/6PP/4r2K w - - 16 68
Black,104,Nf3 Nf6 b4 Nc6 c3 h6 e3 e6 g4 b6 d3 Ne5 Nbd2 Nxf3+ Nxf3 Bb7 Bg2 Ba6 e4 d6 b5 Bxb5 c4 Bxc4 Bd2 c6 O-O Rh7 Rc1 d5 exd5 exd5 Ne5 Ne4 Bxe4 f5 Bxf5 Rh8 Bg6+ Ke7 Nxc6+ Kd7 Bf5+ Kxc6 f3 Bc5+ Rf2 Be7 Re2 Rh7 Rxc4+ Bc5+ Rf2 Rh8 Bc3 d4 Rxd4 Qxd4 Qb3 Kb7 Qc4 Kb8 Qxd4 Bxd4 Bc8 Bf6 Bf5 Rf8 Bb4 Re8 f4 Re2 Bd6+ Kb7 g5 Rae8 Be5 R8xe5 Be4+ R5xe4 h3 R4e3 Kf1 Rb2 Rf3 Bd4 Rf2 hxg5 Re2 gxf4 Re1 Rxa2 Re2 Bb2 h4 Kc8 Rxb2 Rxb2 d4 Rd2 Kg1 Re7 h5 Re1#,2k5/p5p1/1p6/7P/3P1p2/8/3r4/4r1K1 w - - 1 53
White,151,Nf3 f6 Nc3 Nc6 Nd5 Nb4 c4 c5 Nxf6+ Nxf6 e3 d6 d3 e6 Rb1 Nxd3+ Bxd3 d5 cxd5 c4 Bxc4 Qxd5 Qxd5 exd5 Bb5+ Kf7 O-O Bf5 e4 Bxe4 Re1 Bc5 Be3 d4 Rbc1 Bc6 Nxd4 Bxd4 Bc4+ Bd5 b3 Be5 f4 Bxf4 Re2 Kg8 Ree1 Re8 Rf1 Bxe3+ Kh1 Bxc4 Rfe1 Bf7 Rc7 Bf4 Rce7 Kf8 R7e4 Rxe4 Rf1 Bc4 Kg1 Bf7 g3 Be3+ Rf2 Bc5 b4 Rxb4 a3 Rb1+ Kg2 Bd5+ Rf3 Bc6 a4 Kg8 a5 Ra1 a6 b6 g4 Ra2+ Kg3 Ne4+ Kf4 Nf6 Kg5 Rxh2 Rxf6 Ba4 Rh6 Rf2 Re6 Bd7 Re1 Bb4 Rd1 Ba4 Rb1 Bc2 Rb2 Bc3 Rxc2 Bd4 Rc4 b5 Rb4 Bc5 Kh5 Rf6 Rxb5 Rb6 Ra5 Bb4 Ra2 Kf7 Rh2 Bd6 Rf2+ Kg8 g5 Bc5 Rc2 Rc6 Rxc5 Re6 Ra5 Re8 Ra2 Rf8 Re2 Rf6 gxf6 Kf8 fxg7+ Kxg7 Re7+ Kf8 Rxh7 Kg8 Rxh8+ Kg7 Ra8 Kh7 Rxa7+ Kg8 Kh6 Kh8 Ra8#,R6k/8/P6K/8/8/8/8/8 b - - 4 76
White,155,Nf3 Nf6 c3 Nc6 e3 Ne4 d3 Nxc3 Nxc3 f6 Nd5 e6 Nxf6+ Qxf6 Be2 Kd8 O-O d6 Rb1 Be7 g4 Qf5 gxf5 Nd4 exd4 c5 dxc5 Kd7 fxe6+ Kxe6 cxd6 Bf6 Qa4 Bd7 Qe4+ Kxd6 Qxb7 Bc6 Qb4+ Kd7 Qd4+ Kc8 Qd6 Rd8 Qxc6+ Kb8 Bf4+ Rd6 Qc3 Be5 Qxe5 Kc8 Qe4 Rf6 Qe6+ Kd8 a4 Rc8 Qg8+ Kd7 Qxg7+ Rf7 Qg4+ Kd8 Qe6 Re7 Qe5 h6 Be3 Rc2 Bd1 Rxb2 Rc1 Rb6 Bf4 Rb4 Rc8+ Kd7 Rc4 Rb7 Qd5+ Ke8 Rc7 Rd7 Qd4 Rbxc7 Re1+ Kd8 Bxc7+ Kc8 Bf4 Rf7 Qd5 Rd7 Bb3 Rb7 Bc4 a6 Qe6+ Rd7 Qf7 a5 Qd5 Rd6 Re8+ Rd8 Re7 Re8 Re1 Rf8 Qf7 Rd8 Qf5+ Rd7 Qc5+ Rc7 Qf5+ Kb8 Re8+ Kb7 Qd5+ Kb6 Qe6+ Kb7 Qd5+ Rc6 Re7+ Kb6 Be3+ Rc5 Re4 h5 Re6+ Ka7 Rb6 Rc8 Rb5+ Ka6 Rc5+ Kb6 d4 Rd8 Ba2 Rf8 Qf5 Rh8 Qf6+ Kb7 Rxa5 Ra8 Rb5+ Kc8 Qc6+ Kd8 Bg5#,r2k4/8/2Q5/1R4Bp/P2P4/5N2/B4P1P/6K1 b - - 6 78
Black,104,Nf3 Nf6 Nc3 Nc6 Nb5 Nd5 Nxc7+ Qxc7 e4 Ndb4 c3 f6 Bc4 d5 d3 Nb8 Bf4 e5 Bxe5 Qxc4 cxb4 Qxe4+ dxe4 Nc6 Bc3 dxe4 O-O Be6 Qb3 Bf5 Qd5 Rd8 Qa5 Bxb4 Qb5 a6 Qxb7 Rd7 Bxb4 a5 Qxc6 exf3 Bc3 Be4 Qe6+ Re7 Qe5 Bc2 Rac1 Re6 Qxf6 Re2 Rb1 fxg2 Qxg7 Bb3 Be5 Bxa2 f4 gxf1=R+ Rxf1 Rf8 Rf2 Re1+ Rf1 Rxf1+ Kg2 Bd5+ Kxf1 Bc4+ Kg1 a4 Qc7 Bf7 Qc2 Bg6 Qc6+ Kd8 Bg7 Be8 Qf6+ Rxf6 f5 Rf7 f6 Bc6 b3 axb3 Kf1 b2 Kg1 Kc8 Kf1 Kb8 Kf2 Be8 Kg1 Rf8 f7 Rxf7 Kh1 Bc6+ Kg1 b1=Q#,1k6/5rBp/2b5/8/8/8/7P/1q4K1 w - - 0 53
White,65,Nf3 Nf6 Nc3 Nc6 Nb5 Nd5 Nxc7+ Qxc7 Ng5 Nd4 c3 Nf3+ exf3 f6 d3 e6 Be3 Qb6 Nf7 Rg8 Nh6 Rh8 Nf7 Rg8 Nh6 Rh8 Nf7 Rg8 Nh6 Rh8 Nf7 d6 Nxd6+ Bxd6 d4 Bd7 Bf4 Nb4 Ba6 Bc6 Bxb7 Rd8 Bxc6+ Ke7 Bxd6+ Kf7 Bb8 Nxc6 Bxa7 Qxb2 h3 Qxc3+ Qd2 Qxd4 Rc1 Nb4 Qxd4 Nd3+ Ke2 Nc5 Bxc5 e5 Qc4+ Ke8 Qe6#,3rk2r/6pp/4Qp2/2B1p3/8/5P1P/P3KPP1/2R4R b - - 3 33
Black,108,Nf3 Nf6 Nc3 Nc6 Nb5 Rg8 e3 Nd5 Rb1 Ncb4 h4 c6 c3 Nxc3 dxc3 Nxa2 Nc7+ Qxc7 Bc4 Nxc3 Bd3 Nd5 b3 Nb4 Bxh7 Rh8 Bf5 e6 Qd6 Nd5 Qxe6+ fxe6 e4 Bc5 Be3 d6 Bxc5 a5 b4 dxc5 Rd1 Nxb4 Rd7 Nd5 Rxd5 cxd5 Bxe6 Bd7 Bxd5 O-O-O O-O Bc6 Rb1 Rhf8 Ra1 a4 Be6+ Qd7 Bf5 Rfe8 Rc1 Rxe4 Bxd7+ Kb8 Bxc6 Re1+ Rxe1 a3 Re8 Rc8 Bd7 a2 Re7 Kc7 Be6+ Kd8 Rxg7 Rc7 Bf7 a1=Q+ Kh2 Ke7 Rg8 Kxf7 Ra8 Qa6 Rd8 Qf6 Rd7+ Rxd7 Ne5+ Ke8 Nf7 Qf4+ g3 Qd4 Nd6+ Rxd6 f3 Qf2+ Kh3 Qxf3 Kh2 Rd2+ Kh3 Qf5+ g4 Qd3#,4k3/1p6/8/2p5/6PP/3q3K/3r4/8 w - - 1 55
White,73,f3 d5 e4 e6 a4 c5 c3 f6 d4 Nc6 exd5 c4 Bxc4 Qxd5 Nd2 Qxd4 Ne2 a6 Nxd4 Bc5 Nxe6 Bxe6 Ne4 Bf7 Qd5 Bxd5 Bf4 Nge7 Nd6+ Bxd6 Bd3 O-O-O Rg1 Bc5 O-O-O g6 Rgf1 Be6 Rfe1 Nd5 Bd6 Be3+ Kb1 Bf5 Bxf5+ Rd7 Rxd5 Bf2 Re2 Nd4 cxd4 Bxd4 Be6 Be5 Bxe5 Re8 Bxd7+ Kd8 Bb5+ Ke7 Bxf6+ Kf7 Bc3 axb5 Rdd2 bxa4 Re4 Kf8 Rd7 Re7 Bd4 Rf7 Rd8#,3R1k2/1p3r1p/6p1/8/p2BR3/5P2/1P4PP/1K6 b - - 7 37
Black,74,f3 d5 e4 e6 g4 c5 c3 f6 d4 Nc6 exd5 Nxd4 Bc4 Qxd5 Qxd4 Qxd4 cxd4 cxd4 Nc3 b5 Bd5 dxc3 Bc6+ Bd7 Bb7 g5 bxc3 Rb8 Bf4 gxf4 Be4 Bc5 Ne2 Ne7 Nxf4 Nd5 Nxe6 Bxe6 Rf1 O-O Bf5 Bf7 Kd2 Nf4 c4 Bxc4 Ke1 Bd4 Rd1 Bf2+ Rxf2 Nd3+ Rxd3 Rbe8+ Kf1 b4 Rc2 Bxd3+ Re2 Bc4 Be6+ Rxe6 g5 Rxe2 gxf6 Rxh2+ Kg1 Rxa2 Kh1 Rxf6 Kg1 Rxf3 Kh1 Rf1#,6k1/p6p/8/8/1pb5/8/r7/5r1K w - - 2 38
Black,100,f3 d5 e4 e6 c3 c5 d4 f5 Bb5+ Bd7 Bxd7+ Kf7 Bxe6+ Kxe6 Bg5 Nc6 Bf4 Bd6 Ne2 Nxd4 Qxd4 Nf6 Qxd5+ Nxd5 exd5+ Kxd5 O-O Re8 Rf2 Qb6 Nd2 Qxb2 Rb1 Qxa2 Nc1 Qc4 Ne2 Qxf4 Nd4 Qxd4 c4+ Qxc4 Rxb7 Re7 Rxa7 Rf8 Ra8 Re2 Nxc4 Re1+ Rf1 Rfe8 Ne3+ R1xe3 Rxe8 Bf4 Re4 Bh6 Rd1+ Kc6 Rd8 Ra3 Re6+ Kc7 Rd5 Re3 Rde5 Rxe5 Rb6 Bf4 Rb2 Bc1 Rc2 h6 f4 Bxf4 Rf2 Re4 Rc2 Kc8 Rxc5+ Kb8 Rxf5 g6 Rxf4 Re1+ Rf1 Re8 Rf6 Rg8 Ra6 Kb7 Rxg6 Rxg6 Kh1 Kc8 Kg1 Re6 Kh1 Re1#,2k5/8/7p/8/8/8/6PP/4r2K w - - 6 51
Black,74,f3 d5 e4 e6 c3 c5 d4 f5 Bb5+ Bd7 Bxd7+ Kf7 Bxe6+ Kxe6 Bg5 Nc6 Bf4 Bd6 Ne2 Qg5 O-O Qxf4 e5 Qxd4+ Nxd4+ Nxd4 Qb3 Nxb3 Na3 Nd4 cxd4 Nf6 exf6 cxd4 fxg7 Rag8 Nb5 Rb8 Nxd4+ Kd7 Nxf5 Rhf8 Ne3 Bc7 Nxd5 Rf5 Ne3 Re5 Rae1 Re7 Nf5 Rf7 Nd6 Rxg7 Nf5 Rf7 Nd6 Bxd6 Re7+ Rxe7 Rd1 Re2 Kf1 Rxb2 Kg1 Rxa2 Rd2 Rxd2 Kh1 Kc8 Kg1 Bc5+ Kh1 Rd1#,1rk5/pp5p/8/2b5/8/5P2/6PP/3r3K w - - 6 38
Black,78,f3 d5 e4 e6 Na3 c5 c3 f6 d4 Nc6 Nb5 cxd4 Nc7+ Qxc7 Bf4 Qd6 Ne2 dxc3 Qxd5 cxb2 Qd1 e5 Rb1 Be6 Rxb2 Qb4+ Bd2 Bc5 Qb3 Qxb3 Rxb3 O-O-O Nf4 exf4 Bxf4 Bd6 e5 fxe5 Bxe5 Nf6 Bxf6 Bf5 Bxg7 Rhg8 Bf6 Rgf8 Bg7 Rf7 Bc4 Ne5 Be2 Nd3+ Rxd3 Bf4 Bc3 Rxd3 Bd2 Rxd2 Bc4 Rc7 g3 Rxh2 O-O Bxg3 Be6+ Bxe6 Rf2 Rxf2 f4 Rxa2 f5 Bxf5 Kh1 Bf4 Kg1 Rd2 Kh1 Rc1#,2k5/pp5p/8/5b2/5b2/8/3r4/2r4K w - - 6 40
Black,132,f3 d5 e4 e6 c3 c5 d4 f5 Bb5+ Bd7 Bxd7+ Kf7 Bxe6+ Kxe6 Bg5 Nc6 Bf4 Bd6 Kf1 Nf6 Be5 Nxd4 Ke1 Nxf3+ Nxf3 fxe4 Bxf6 exf3 Bxg7 fxg2 Rg1 Bxh2 Rxg2 Bf4 Rc2 Rg8 a3 Bg3+ Kf1 Bf4 Qd4 cxd4 Bxd4 Qb6 Rf2 Raf8 Re2+ Kf7 Rf2 Ke8 Bf6 Rg4 Rg2 Rgg8 Rf2 h5 a4 Rg4 Bd4 Rgg8 Bf6 Rg4 Bd4 Rgg8 Bf6 d4 Nd2 Qxb2 Ne4 Qc1+ Rxc1 Rg4 Rb1 Be3 Bxd4 Bxf2 Nf6+ Kf7 Rxb7+ Kg6 Nd7 Rf7 Rxa7 Bxd4+ Ke1 Bxa7 Ne5+ Kf6 Nc6 Rc4 Ne5 Rxc3 Kd2 Rc8 Nf3 Kg7 Ke2 Kg8 Ne5 Re8 Ke1 Bc5 a5 Ra7 Kf1 h4 Nd3 Rd8 Ke2 Rc8 Kf1 Rd7 Ne5 Re7 Nd3 Rd7 Ke1 Rxd3 Ke2 Rdd8 Kf1 Rd1+ Ke2 Ra1 Kd2 Rd8+ Ke2 Re8+ Kd2 Ra2+ Kc1 Re1#,6k1/8/8/P1b5/7p/8/r7/2K1r3 w - - 14 67
Black,82,f3 d5 e4 e6 c3 Nf6 d3 c5 Bf4 Qd6 Be3 d4 Bxd4 Nbd7 Bxc5 Ne5 d4 Nxf3+ Nxf3 Qxc5 Nbd2 Qb6 Nc4 Nxe4 Bd3 f5 Nxb6 Rb8 Nd7 Bd6 Nde5 O-O O-O Nxc3 Nc4 Bb4 bxc3 Bxc3 Rc1 Bb2 Qa4 b5 Qxa7 Rb7 Qb6 bxc4 Qb3 Rxb3 Bxc4 Rc3 Bxe6+ Bxe6 Rce1 Bxa2 Rf2 Rb3 Rfe2 Rbb8 Re8 Rbxe8 Rf1 Bc4 Rf2 Re2 Ne5 Bxd4 Nxc4 Bxf2+ Kf1 Rb2 g3 Rc2 Ne3 Bxe3 g4 Rxh2 gxf5 Rxf5+ Ke1 Bc5 Kd1 Rf1#,6k1/6pp/8/2b5/8/8/7r/3K1r2 w - - 4 42
White,37,f3 d5 e4 e6 c3 c5 d4 f5 Bb5+ Bd7 Bxd7+ Kf7 Qe2 Nc6 Bxe6+ Kxe6 Bf4 Bd6 Nh3 Nxd4 exf5+ Kd7 Qc2 Nf6 cxd4 cxd4 Nc3 Rb8 O-O-O dxc3 Qxc3 Bxf4+ Nxf4 Qc7 Nxd5 Kc8 Qxc7#,1rk4r/ppQ3pp/5n2/3N1P2/8/5P2/PP4PP/2KR3R b - - 0 19
White,65,f3 d5 e4 e6 c3 c5 d4 f5 Bb5+ Bd7 Bxd7+ Kf7 Bxe6+ Kf6 Bxf5 dxe4 dxc5 Nc6 fxe4 Bxc5 Qd4+ Qxd4 cxd4 Nxd4 Nf3 Nc2+ Kd2 Ne7 Bg6 Nf5 Bxf5 Rad8+ Kxc2 Rhe8 Nc3 Kf7 Bf4 Rd1 Rhxd1 Kg8 Bd7 Rf8 Bd6 Rd8 Bc7 Rf8 Rd5 Bb6 Bd6 Rd8 Bc7 Rf8 Bd6 Rd8 Bc7 Ra8 Rh5 g6 Rg5 Kf8 Bd6+ Kg8 Be6+ Kh8 Be5#,r6k/pp5p/1b2B1p1/4B1R1/4P3/2N2N2/PPK3PP/R7 b - - 7 33
White,71,f3 d5 e4 e6 c3 c5 d4 Qa5 b4 Nc6 bxc5 f5 exf5 Nf6 Bf4 Qb4 fxe6 Qxd4 Ne2 Bxc5 Qxd4 Nxd4 Nxd4 O-O Nd2 Ne4 Nxe4 dxe4 Bc7 Rxf3 gxf3 exf3 Bc4 Bxe6 Kf2 Rc8 Bxe6+ Kh8 Bf4 Rf8 Bd6 Re8 Bf7 Re1 Rhxe1 b6 Bc7 Bd6 Ne6 Bc5+ Kxf3 Be7 Nf4 Bf6 Nd5 Bxc3 Rac1 Bb2 Rc2 Bc3 Kf2 Bd4+ Kf1 Bf6 Kg1 Bh4 Nf4 Bf2+ Kf1 Bg3 Re8#,4R2k/p1B2Bpp/1p6/8/5N2/6b1/P1R4P/5K2 b - - 15 36
Black,118,f3 d5 e4 e6 c3 c5 a3 f6 d4 Nc6 exd5 Nxd4 Bc4 Qxd5 Qxd4 Qxd4 cxd4 cxd4 Nc3 dxc3 bxc3 Bc5 Ne2 Ne7 Nf4 Nd5 Nxe6 Bxe6 Bxd5 Bf7 Bxb7 Rb8 Bd2 O-O Bc6 Rbc8 Bb7 Rc7 Ba6 Rc6 Bb7 Rc7 Bf4 Re7+ Be4 g5 Bd6 Re5 Bxc5 Kh8 Rf1 Kg8 Bxa7 Re7 Bc5 Rc7 Bd6 Rd7 Bc6 Rxd6 Rd1 Bh5 Bb7 Rb6 Bd5+ Bf7 Be4 Rb3 Kd2 Bc4 Ra1 Rb1 Bd3 Bxd3 Rfxb1 Bf5 Rb5 Bd7 Rb7 Bc6 Kc2 Bxf3 Re7 Rf7 Rae1 Bxg2 R7e2 Bf3 Rf2 g4 Kc1 g3 Rff1 gxh2 Rf2 h1=Q Rd1 Qg2 Rff1 Bxd1 Rf2 Bf3 Rd2 Rc7 Rd3 Be4 Re3 Qf3 Re1 Qxc3+ Kd1 Bf3+ Re2 Qb2 a4 Qd4+ Ke1 Rc1#,6k1/7p/5p2/8/P2q4/5b2/4R3/2r1K3 w - - 3 60
Black,58,f3 d5 e4 e6 c3 c5 d4 f5 Bb5+ Bd7 Bxd7+ Kf7 Bxe6+ Kxe6 Bg5 Nc6 Bf4 Bd6 Ne2 Nxd4 Qxd4 Nf6 Qxd5+ Nxd5 h3 Bxf4 exd5+ Ke5 Nd4 Qg5 Ne6 Qxg2 Rh2 Qxf3 Rf2 Qxd5 Nxc5 Qxc5 b4 Qe3+ Kf1 Rhf8 h4 Qh3+ Kg1 Rae8 Rh2 Qxh2+ Kf1 Qb2 Kg1 Ke6 h5 Kf7 b5 Kg8 b6 Re1#,5rk1/pp4pp/1P6/5p1P/5b2/2P5/Pq6/RN2r1K1 w - - 1 30
Black,66,f3 c5 e3 d5 Bd3 f5 c4 dxc4 Bxc4 Qd5 d4 e6 Nd2 Qd7 Ne4 Qxd4 Nxc5 g6 Bxe6 Nc6 Qxd4 Nf6 Qxf6 Be7 Qd4 Rf8 Ne2 Bxc5 Nf4 Nxd4 exd4 Bxd4 Rf1 Bxb2 Bxb2 g5 Be5 gxf4 Bxf5 Rxf5 Bc7 Rf7 Rc1 Rxc7 Kd1 Rg7 Rf2 Rxg2 Re2+ Rxe2 Rc7 Re7 Rxc8+ Rxc8 Kd2 Rd8+ Kc1 Re2 Kb1 Rxh2 a3 Rd3 a4 Rxf3 a5 Rf1#,4k3/pp5p/8/P7/5p2/8/7r/1K3r2 w - - 1 34
White,143,f3 d5 e4 e6 c3 c5 d4 f5 Bb5+ Bd7 Bxd7+ Kf7 Bxe6+ Kxe6 Bg5 Nc6 Bf4 Bd6 a4 Nxd4 Qxd4 Nf6 Ne2 fxe4 Kd1 exf3 gxf3 cxd4 cxd4 Qb6 Nbc3 Qxb2 Rb1 Qb6 Rg1 Rhg8 Kc1 Bxf4+ Nxf4+ Kf5 Nfxd5 Qxd4 Rd1 Qxd5 Rh1 Qxf3 Rf1 Kg4 Kd2 Qf4+ Ke1 Rac8 Rb3 Qc4 Rxb7 Qc7 Rb3 Qxc3+ Rxc3 Rge8+ Kd2 Rcd8+ Kc1 Ne4 Rc7 Rf8 Re1 Rc8 Rxc8 Kf3 Rxf8+ Nf6 Rf7 Kf2 Ree7 Kg1 Rxg7+ Kxh2 Rgf7 Nd5 Rd7 Nc3 Rc7 Ne2+ Kd1 Nd4 Rfd7 Ne6 Rc6 Nc5 Rxh7+ Kg1 Rxa7 Nd3 Rd7 Ne5 Rcc7 Kf1 Re7 Nf3 Rf7 Kg2 Kc1 Nd4 Rfd7 Ne6 Rc6 Nc5 Rd2+ Kg1 a5 Nb3+ Kc2 Nd4+ Rxd4 Kf1 Kb1 Kg1 Rd1+ Kg2 Rc2+ Kg3 Rd3+ Kg4 Rd8 Kg3 Rd3+ Kg4 Rd8 Kf3 Rf8+ Kg3 Re8 Kh3 Rc7 Kg2 Re2+ Kh3 Re3+ Kg2 Re2+ Kg1 Rc1#,8/8/8/P7/8/8/4R3/1KR3k1 b - - 28 72
Black,34,h3 d5 Nc3 e6 e3 c5 d4 f6 f3 cxd4 Bb5+ Nc6 Bxc6+ Kf7 Bxb7 Rb8 Qxd4 Ne7 Qxd5 Nxd5 Na4 Bd7 Nc5 Bxc5 c3 Nxe3 Bxe3 Qb6 O-O-O Rhd8 Bd4 Ke7 Be4 Qxb2#,1r1r4/p2bk1pp/4pp2/2b5/3BB3/2P2P1P/Pq4P1/2KR2NR w - - 0 18
White,73,f3 d5 e4 e6 c3 c5 d4 f5 Bb5+ Kf7 Bg5 Qxg5 Qd2 Be7 exf5 Bd7 f6 Bxf6 Bd3 c4 Be4 Nc6 Kf1 Nxd4 Qxd4 Qc1+ Qd1 Bg5 Bc2 Bf6 Ne2 Qxb2 Qc1 Qxc3 Nbxc3 Bxc3 Rb1 Nf6 Rxb7 Rhb8 Rxb8 Bc6 Rb1 Ne4 Bxe4 Bf6 Bxd5 Rc8 Bxe6+ Ke7 Bf5 Bd7 Bxd7 Kd8 Bf5 g6 Rb6 Be5 Re6 Bb8 Nd4 Bf4 Qxf4 g5 Qe3 Kd7 Ra6+ Kd8 Rxa7 Rc7 Ra8+ Rc8 Rxc8#,2Rk4/7p/8/5Bp1/2pN4/4QP2/P5PP/5K1R b - - 0 37
Black,76,f3 d5 e4 e6 c3 c5 d4 f5 Bb5+ Bd7 Bxd7+ Kf7 Bxe6+ Kxe6 Bg5 Nc6 Bf4 fxe4 fxe4 Bd6 Ne2 Nxd4 exd5+ Kxd5 Qxd4+ cxd4 O-O Nf6 Nxd4 Bc5 b4 b6 bxc5 bxc5 Nf5 Ke4 Bd6 c4 Nd2+ Kd3 Nf3 Qa5 Bb4 Qxf5 Nd4 Qd5 Nf5 g6 Nd6 Rhf8 Rad1+ Kc2 Rxf6 Rfc8 Rd4 Qe5 Rf5 Qe3+ Rf2+ Kb1 Nxc4 Qxc3 Rh4 Qxc4 Bc5 Rxc5 Rxh7 Rh5 Rc7 Rh4 Rf4 Rxf4 Re7 Qc5+ Kh1 Rf1#,r7/p3R3/6p1/2q5/8/8/P5PP/1k3r1K w - - 4 39
White,77,f3 d5 e4 e6 c3 e5 d4 c6 exd5 f6 dxc6 Be6 cxb7 Nc6 d5 Bxd5 c4 Rb8 Nc3 Bxf3 Qd5 Bxg2 Bxg2 Nge7 b4 Qxd5 Nxd5 Nxd5 b5 Nf4 Bxc6+ Kd8 Nf3 Bc5 Nxe5 Bd4 Nf7+ Ke7 Rb1 Nd3+ Kd2 Ne5 Re1 Rhd8 Nxe5 Re8 Nf3+ Be5 Ba3+ Kd8 Bd6 Rc8 Bc5 Bf4+ Be3 Rxe3 Rg1 Re7+ Kd1 Kc7 Re1 Rd7+ Bxd7 Kd8 Bc6 Kc7 Re4 Be5 Rg4 h5 Rxg7+ Kb8 Rh7 Rc7 Rh8+ Rc8 Rxc8#,1kR5/pP6/2B2p2/1P2b2p/2P5/5N2/P6P/1R1K4 b - - 0 39
Black,92,f3 d5 e4 e6 c3 c5 d4 f5 Nh3 Nc6 Nf4 Nxd4 Nxe6 fxe4 Qc2 Nf6 Nxd4 exf3 Nxf3 Bf5 Qd3 Qd7 Nd4 cxd4 Bf4 dxc3 Nxc3 Bg4 Qxd5 Nxd5 Be2 Be6 O-O Bc5+ Rf2 Bxf2+ Kf1 Bb6 Be5 O-O+ Bf3 Bc7 Nxd5 Qxd5 Bg3 Qxa2 b3 Qa5 Re1 Qe5 Bxe5 a5 Bg3 Rae8 Kg1 Bxg3 Ra1 Be5 Re1 Bc3 Rc1 Bb2 Rc2 Bxb3 Rxb2 Bc4 Rc2 Bf1 Bxb7 Bd3 Rd2 g6 Bc6 Be2 Ra2 Bc4 Rc2 Bd3 Rd2 Re2 Rd1 Bc2 Bb7 Re3 Rd2 Re4 Rxc2 Re7 Bd5+ Rff7 Bc6 Re1#,6k1/5r1p/2B3p1/p7/8/8/2R3PP/4r1K1 w - - 5 47
White,65,e3 h6 f3 d5 c4 e6 d3 g6 f4 Qd7 Nf3 c5 Nc3 f6 cxd5 Qxd5 Ne5 Qxe5 fxe5 Nc6 d4 cxd4 Bc4 Nxe5 Qxd4 Ne7 O-O Nf5 Bxe6 Bd7 Bxf5 gxf5 Qd5 O-O-O Qd4 Kb8 Nd5 Be6 Nxf6 Bg7 Qd5 Bxf6 Qxe6 Rdg8 Qxf6 Nd7 Qxf5 Rd8 Qf8 Rhxf8 Rxf8 Rc8 Rxc8+ Kxc8 e4 Nf6 e5 Ng4 Bf4 h5 Rc1+ Kb8 e6+ Ka8 Rc8#,k1R5/pp6/4P3/7p/5Bn1/8/PP4PP/6K1 b - - 2 33
Black,92,f3 d5 e4 e6 c3 c5 d4 f5 Bb5+ Bd7 Bxd7+ Kf7 Bxe6+ Kxe6 Bg5 Nc6 Bf4 Qd6 exf5+ Kxf5 Ne2 Nxd4 cxd4 cxd4 Nbc3 Rc8 Qxd4 Nf6 Qxd5+ Qxd5 O-O Bc5+ Rf2 Rhf8 g4+ Kg6 Ne4 Qxa2 N2c3 Qa6 Rd1 Qd6 Nxc5 Rfd8 Nd7 Rc6 Rxd6 Rc4 Nb6 Rxf4 Nbd5 Rxg4+ Rg2 Rd7 Rxf6+ Kg5 Rf7 Rxf7 f4+ Rxf4 Ne3 Rf3 Rg3 Kf4 Ned5+ Kg5 Ne7 Rf7 Ned5 Kf5 Ne3+ Ke5 Rg2 Kf4 Ned5+ Kf3 Rg3+ Rxg3+ Kh1 Rc7 Nb5 Rc5 Nbc3 Rg2 b4 Rc7 b5 Rd7 Nf6 Rc7 Ncd5 Rc1#,8/pp4pp/5N2/1P1N4/8/5k2/6rP/2r4K w - - 5 47
Black,88,f3 d5 e4 e6 c3 c5 d4 a6 c4 f6 exd5 Qxd5 dxc5 Bxc5 Qxd5 exd5 Nc3 h5 Ne4 dxe4 Bf4 Nc6 Ne2 exf3 Nc3 fxg2 Bxg2 Be6 Bd5 Bxd5 Rf1 Bxc4 Ne4 f5 Nd6+ Bxd6 Rc1 Bxf4 Rc2 Bd3 Rd2 Bg5 Rg1 Be3 Rg3 Nb4 a3 Bc5 axb4 O-O-O Rxg7 Bf8 Rh7 Nf6 Rf7 Bc4 Rxf8 Rh6 Rxf6 Rdh8 Rxf5 Be6 Rff2 Bc4 Rc2 Rc6 Rf8+ Rxf8 Rf2 Re8+ Re2 Rxe2+ Kf1 Rxb2+ Kg1 Rc7 b5 axb5 Kh1 Bd3 Kg1 Bf5 Kh1 b4 Kg1 Rd2 Kh1 Rc1#,2k5/1p6/8/5b1p/1p6/8/3r3P/2r4K w - - 4 45
White,181,f3 d5 e4 e6 c3 c5 Qa4+ Bd7 Qb5 c4 Qxb7 Bc6 Qb4 f6 exd5 exd5 d4 cxd3 Bxd3 Bd6 Qxd6 Ne7 Bf4 Ng6 Bf5 Ne5 Qxe5+ fxe5 Bxe5 Qf6 Bxf6 O-O Ne2 Bd7 Nd4 Bc6 Be5 Re8 Be6+ Kf8 O-O Nd7 Bc7 Nf6 Nd2 Re7 Bf4 Bd7 Bxd5 Rae8 Bb7 Re1 Raxe1 Bc8 Bc6 Re4 Nxe4 Kg8 Nd6 Bd7 Nc8 g5 Ne7+ Kf8 Nd5 Bxc6 c4 Bxd5 Bxg5 Bxc4 Rc1 Bxa2 Ra1 Kg8 Bxf6 Bc4 Rfc1 Kf8 Rxa7 Bf7 Rd7 Ke8 Rdc7 Kf8 Rc8+ Be8 R8c7 Kg8 Rc8 Kf7 Be5 Bd7 Ra1 Be6 Rh8 Bc4 Rc1 Bd3 Rd1 Bc2 Re1 Bd3 Rd1 Bc2 Re1 Bd3 Rd1 Bc2 Re1 Bd3 Rd1 Bc2 Re1 Kg6 h3 Bf5 Bc7 Kg7 Ne6+ Bxe6 Be5+ Kh6 Bf4+ Kg7 Rd8 Bf5 Re5 Kf6 Ree8 Kf7 Re5 Kf6 Ree8 Kf7 Re5 Kf6 Ree8 Bg4 Rd3 Bf5 Rd6+ Kf7 Re5 Bc2 Re2 Bb3 Rd3 Bc4 Rdd2 Kg8 Re4 Bf7 Re7 Kf8 Red7 Ke8 Rc7 Be6 Re2 Kd8 Rxh7 Bf5 Rf7 Bd3 Rd2 Ke8 Rc7 Bf5 Rc5 Be6 Kh2 Kf8 Rc6 Bd5 Rc8+ Kg7 Kg1 Bb7 Rc7+ Kg8 Rd8#,3R2k1/1bR5/8/8/5B2/5P1P/1P4P1/6K1 b - - 20 91
Black,102,f3 e6 e3 f5 d3 c5 c3 d6 Ne2 Nf6 Nf4 Nc6 Nd2 Nd5 Nc4 Be7 Nxd6+ Qxd6 d4 cxd4 Qxd4 O-O Qxd5 Qxf4 Bc4 Qxc4 Qe4 Qxe4 Kd1 Qe5 Re1 Bb4 f4 Qxc3 bxc3 Bxc3 Bb2 Bxb2 Rb1 Bf6 Kc1 Bc3 Kc2 Bf6 Ra1 Bd7 Rad1 Bh4 g3 Bf6 Kc1 Rad8 Re2 Nd4 Rxd4 Bb5 Rb2 Bc6 Rdd2 Rfe8 Rbc2 Rf8 Rd1 Rfe8 Rf2 Rd2 a4 Bc3 Rfxd2 Rf8 Ra2 Bd5 Kb1 Bf3 Rf1 Bg2 Rc1 Bc6 Rf2 Bf3 Rff1 Bc6 a5 Rb8 a6 Bf6 axb7 Bg2 Rf2 Bxb7 Rd2 Rd8 Rb2 Be4+ Rbc2 Bxc2+ Ka2 Rd1 h3 Ba4 Rc4 Ra1#,6k1/p5pp/4pb2/5p2/b1R2P2/4P1PP/K7/r7 w - - 3 52
White,87,f3 d5 e4 e6 c3 c5 d4 Ne7 Bb5+ Bd7 Bxd7+ Nxd7 Bf4 f5 exf5 Nxf5 Qb3 Bd6 Qc2 Nxd4 cxd4 Bxf4 Ne2 O-O Nbc3 cxd4 Nxd4 e5 Ne6 Qf6 a3 Qf5 Qa4 Bd2+ Kd1 Nf6 Qe4 Nxe4 Nxf8 Bxc3 fxe4 Qxe4 Ne6 Bxb2 Ra2 Qxg2 Nf4 exf4 Rg1 Qxh2 Re1 Rd8 Re2 Qg3 a4 Qa3 Rexb2 Qd3+ Rd2 Qf3+ Kc1 Qc3+ Rac2 Qc4 Rxd5 Rc8 Rc5 Rxc5 Rxc4 Rc6 Rc2 Re6 Rc7 Rc6+ Rxc6 f3 Rc7 Kh8 Rxb7 Kg8 Rxa7 Kh8 Rf7 Kg8 Rxf3 Kh8 Rf8#,5R1k/6pp/8/8/P7/8/8/2K5 b - - 2 44
White,61,f3 d5 e4 a5 c3 e6 exd5 c5 d4 Nf6 Bf4 Nxd5 Ne2 Nc6 Nd2 f5 Bg5 Nxd4 Ne4 Nxf3+ gxf3 fxe4 Bf4 exf3 Qd3 Nxc3 Nxc3 Qd4 Qxf3 Qd5 Qxd5 e5 Qxe5+ Kf7 Qb8 Bd6 Bxd6 Ra6 Bxc5 Bf5 Qxb7+ Kg8 Qd5+ Re6+ Be2 g6 O-O a4 Qxf5 Rc6 Qd5+ Kg7 Bd4+ Rf6 Qd7+ Kg8 Bc4+ Rf7 Bxf7+ Kf8 Bc4#,5k1r/3Q3p/6p1/8/p1BB4/2N5/PP5P/R4RK1 b - - 2 31
Black,108,f3 f6 e3 d5 c4 e6 d3 c5 Ke2 Nc6 Nc3 Bd6 Ne4 dxe4 fxe4 Nge7 Nf3 Bc7 d4 Qxd4 Qxd4 Nxd4+ exd4 Nc6 dxc5 O-O Bf4 Be5 Nxe5 fxe5 Re1 Bd7 Rd1 Kf7 Kf3 Rad8 Be2 Kg8 Rhf1 Rxf4+ Ke3 Rff8 Bf3 Rfe8 Kf2 Rf8 Rd2 Be8 Rd6 Bf7 Kg1 Rfe8 Rdd1 Rd4 Rc1 Rd2 Rf2 Rc2 Rb1 Rxb2 Ra1 Rxa2 Rb1 Rb2 Rd1 Rb4 Rc2 Nd4 Bg4 h5 Rcc1 Rc8 Bxe6 Rxc5 Rb1 Rxb1 Rf1 Rb2 Rf2 Re2 Bd5 Bxd5 Rf5 Bxe4 Rxe5 b6 Rd5 Rxc4 Rd6 Nf5 Rd7 Bc6 Rxa7 Re7 Ra6 Ra4 Rxb6 Rb7 Rxc6 Ra3 Rc5 Re7 Rxf5 Rf7 Rf3 Ra1+ Rf1 Rfxf1#,6k1/6p1/8/7p/8/8/6PP/r4rK1 w - - 0 55
Black,68,f3 d5 e4 e6 c3 c5 d4 Qf6 exd5 Qxd4 dxe6 fxe6 Bd3 Nf6 cxd4 Nc6 Nc3 c4 Kf2 Bd6 Bxc4 O-O Nb5 Bb8 Ne2 Ne5 Ke1 Bd7 Kd2 Nxc4+ Kd3 Ne5+ Kd2 Nc4+ Kd3 Ne5+ Kd2 Nc4+ Kd3 Ne8 Nc7 Nb6 Bf4 Nd5 Qb3 Nxf4+ Nxf4 Nd6 Qxe6+ Bxe6 Ncd5 Bxd5 Ke3 Bc4 Rhe1 Nf5+ Ke4 Nd6+ Ke5 Nb5+ Ke4 Bxf4 Rac1 Bxa2 Ra1 Bc4 Rac1 Nd6#,r4rk1/pp4pp/3n4/8/2bPKb2/5P2/1P4PP/2R1R3 w - - 4 35
White,57,f3 d5 e4 Bg4 c3 Nf6 d4 e6 Bf4 Bd6 Ne2 Nc6 Nc1 Bxf4 Nd3 Bxf3 exd5 Bxg2 Rg1 Bxh2 Rxg2 Bd6 dxc6 O-O cxb7 Rb8 Nc5 c6 Qa4 Bxc5 Bc4 Qd5 Re2 Qxd4 cxd4 Ne4 Nc3 Nxc3 Qxc6 Rfc8 Qxc8+ Rxc8 Rxe6 Bxd4 Rd6 Be5 Rd5 Bd4 Rxd4 Rxc4 bxc3 Rxc3 Kd2 Rc7 Rc1 a5 Rd8#,3R2k1/1Pr2ppp/8/p7/8/8/P2K4/2R5 b - - 1 29
Black,70,f3 d5 e4 Bf5 c3 e6 d3 c5 Bf4 Qd6 Be3 d4 Bxd4 h5 Bxg7 Rh7 Bxf8 Ne7 Bxe7 Bh3 d4 Qxd4 Bxc5 Nc6 Qxd4 Bxg2 Bxg2 f5 exf5 exf5 Qe4+ fxe4 fxe4 Rg7 Bf3 Rg5 Be3 Rb5 Na3 Re5 Kd2 O-O-O+ Kc1 Rd3 Nc4 Rd4 cxd4 Re8 Nd6+ Kd7 e5 Rc8 Ne2 Nxe5+ Nc3 Nxf3 Rf1 Nxh2 Rf2 Ng4 Nf5 Nf6 Bg5 Ne4 Bf6 Rxc3+ Rc2 Rf3 Nh4 Rf1#,8/pp1k4/5B2/7p/3Pn2N/8/PPR5/R1K2r2 w - - 4 36
Black,64,f3 d5 e4 e6 c3 c5 d4 f5 Bb5+ Bd7 Kd2 Nf6 Bd3 Nc6 exf5 Nxd4 Qe1 Nxf5 Bc4 Bd6 Bxd5 O-O Bxb7 Rb8 Qe5 c4 Qe4 Nxe4+ Bxe4 Qg5+ f4 Qxf4+ Kd1 Qxh2 g3 Qxb2 Bb7 Qxa1 Bb2 Qxa2 Kc1 Bc6 Bxc6 Rbc8 Bb7 Rc7 Nf3 Nxg3 Rd1 Nf5 Bd5 Bf4+ Kc2 Ne3+ Kc1 Qa3 Bxe6+ Rff7 Nbd2 Qd6 Bxc4 Rxc4 Nxc4 Qxd1#,6k1/p4rpp/8/8/2N2b2/2P1nN2/1B6/2Kq4 w - - 0 33
Black,44,c4 f5 f3 e5 d3 d6 e4 c6 Nc3 Nf6 Be3 Qb6 Qe2 fxe4 Nxe4 Nd5 cxd5 Bf5 dxc6 Nxc6 Nxd6+ Bxd6 O-O-O O-O Bc5 Bxc5 d4 exd4 Qc4+ Rf7 Qxd4 Bd3 Ne2 Bf5 Qd8+ Rxd8 Nf4 Be3+ Rd2 Bxf4 Kd1 Rxd2+ Kc1 Qxb2#,6k1/pp3rpp/2n5/5b2/5b2/5P2/Pq1r2PP/2K2B1R w - - 0 23
Black,86,f3 d5 e4 c5 c3 e6 d4 f5 Bb5+ Bd7 Bxd7+ Kf7 Bxe6+ Kxe6 Bg5 Qd7 exf5+ Kxf5 Be7 Nf6 Bxc5 Nc6 g4+ Kf4 Ne2+ Kxf3 g5 Kg2 Rf1 Rc8 g6 Kxh2 gxh7 Rxh7 Nf4 Be7 Nd2 Kg3 Nd3 Qe6+ Qe2 Ne4 Qxe4 Qxe4+ Nxe4+ dxe4 Ne5 Rh2 Nxc6 Bf6 Ne7 Rd8 O-O-O Bxd4 Rxd4 Kg2 Rf7 Rhh8 Rf8 Rh5 Rf5 Rhh8 Rf8 a5 Nf5 Kf1 Rxe4 Rhxf8 Re8 Rxf5 Rf8 Rdxf8 Bb4 axb4 Kb1 bxc3 bxc3 Rf3 c4 Rc8 Kc1 Rf2 Kb1 Rxc4 Ka1 Rc1#,8/1p4p1/8/8/8/8/P4r2/K1r2k2 w - - 2 44
Black,62,f3 d5 e4 e6 Nh3 c5 c3 f6 d4 Nc6 Nf4 Nxd4 Qxd4 dxe4 Bb5+ Bd7 Bc4 exf3 O-O fxg2 Nxe6 Bxe6 Qd5 Qxd5 Nd2 Qxc4 Nf3 Qxa2 b3 Qa6 Bf4 Qxf1+ Rxf1 O-O-O Nd4 cxd4 Re1 Rd7 cxd4 Bb4 Re4 Bf5 Re5 fxe5 dxe5 Nf6 exf6 Rd4 fxg7 Rg8 Be5 Rd5 Bf6 Rd6 Bc3 Bxc3 Kxg2 Rxg7+ Kh1 Bc2 b4 Rd1#,2k5/pp4rp/8/8/1P6/2b5/2b4P/3r3K w - - 1 32
White,37,f3 d5 e4 e6 c3 c5 d4 f5 Bb5+ Bd7 Bxd7+ Ke7 Bxe6 Nf6 Bxd5 Nxe4 Bxb7 Nxc3 dxc5 Nd7 Nxc3 Nxc5 Ke2 Rb8 Qd5 Qd6 Be3 Qg6 Bg5+ Ke8 Bf4 Qd6 Qxd6 h5 Bc6+ Nd7 Qxd7#,1r2kb1r/p2Q2p1/2B5/5p1p/5B2/2N2P2/PP2K1PP/R5NR b - - 0 19
White,61,f3 d5 e4 e6 c3 c5 d4 f5 Bb5+ Kf7 Bg5 Nc6 Bxc6 Be7 Bxe7 Nf6 Bxb7 Rb8 Bxc5 dxe4 Bxa7 Rxb7 Bc5 Rxb2 Qe2 Rxa2 Qxe4 Qd5 f4 Kg8 Nd2 Rxd2 Qe2 Ra2 c4 Ra6 O-O-O Ra4 Qc2 Rxc4 Nf3 Qxd4 Bxd4 Ba6 Rhe1 Nd5 Rxe6 Nxf4 Rxa6 Rc6 Ra8+ Rc8 Ra7 Rf8 Qc7 Ne6 Qe5 Rf6 Qxf6 Nxd4 Qxg7#,6kr/R5Qp/8/5p2/3n4/5N2/6PP/2KR4 b - - 0 31
Black,100,f3 d5 Na3 e5 e4 c6 Nc4 f6 d3 Bb4+ c3 c5 Nb6 Qxb6 exd5 Bxc3+ Qd2 Qxb2 Bxb2 Bxb2 Rd1 Nd7 Ne2 e4 fxe4 Ne5 Nf4 Ba1 Ne6 Bd4 Nc7+ Kd8 d6 Rb8 Nd5 Ne7 Qa5+ b6 Qxa7 N7c6 Qxg7 Rb7 Qxf6+ Kd7 Qg7+ Kxd6 Qf6+ Be6 Be2 Rg8 Qe7+ Rxe7 Kf1 Bxd5 Rb1 Bxa2 Rxb6 Kc7 Rb2 Bc4 Rd2 Bc3 Rc2 Bxd3 Rc1 Bb2 Rxc5 Kb6 Rxe5 Bc2 Rb5+ Ka6 Bc4 Rf8+ Rf5+ Kb7 Rf2 Bh8 Kg1 Bf6 e5 Nxe5 Bd5+ Kc8 Bf3 Rc7 Re2 Rd8 Bc6 Bd3 Bf3 Nxf3+ Kf1 Bxe2+ Kf2 Rd1 Rf1 Nd4 Kg1 Rxf1#,2k5/2r4p/5b2/8/3n4/8/4b1PP/5rK1 w - - 0 51
Black,90,f3 d5 e4 e6 c3 c5 Qe2 f6 d4 Nc6 exd5 Nxd4 Qxe6+ Ne7 Bc4 Qxd5 Qxd5 Nb3 Bxb3 c4 Bxc4 Nc6 Bb5 Be6 Bxc6+ bxc6 Qxc6+ Bd7 Qd5 g6 Bf4 Bc6 Qxc6+ Kf7 Ne2 Rc8 Ng3 Bg7 Qd7+ Kg8 Ne4 a6 Qe6+ Kf8 Qd7 Rd8 Qd6+ Kg8 Qxf6 Bxf6 O-O Bxc3 Bc7 Bxb2 Nbc3 Rd7 Rad1 Re7 Nd5 Re8 Ndf6+ Bxf6 Rd8 Bg7 Nc5 Rf8 Rd7 Rf5 Rc1 Bb2 Rc2 Rxc5 Rdd2 Rxc2 Bf4 Rc4 Bd6 Rd4 Bf4 Bc3 Rc2 Rc4 Bd6 Rc6 Bc5 Rxc5 a4 Bd4+ Rf2 Rc1#,6kr/7p/p5p1/8/P2b4/5P2/5RPP/2r3K1 w - - 3 46
White,49,f3 d5 e4 e6 g4 c5 c3 d4 d3 f5 gxf5 Nf6 Bf4 Qd6 cxd4 Kf7 Ne2 Qxd4 Nbc3 Nc6 fxe6+ Bxe6 Nxd4 Nd5 Ke2 Be7 Nxe6 Kxe6 Nxd5 Bf6 Rc1 Bxb2 Qb3 Bf6 Qxb7 Rhb8 Qxb8 Ne5 Qb7 Rb8 Qxa7 Nc6 Qxc5 g6 Qxc6+ Kf7 Qxf6+ Kg8 Ne7#,1r4k1/4N2p/5Qp1/8/4PB2/3P1P2/P3K2P/2R2B1R b - - 2 25
Black,102,f3 d5 e4 e6 c3 c5 d4 f5 Bb5+ Bd7 Bxd7+ Kf7 Bxe6+ Kxe6 Bg5 Nc6 Bf4 Bd6 Ne2 Nxd4 Qxd4 Nf6 Qxd5+ Nxd5 exd5+ Kxd5 O-O Re8 Rf2 Qb6 Nd2 Qxb2 Rb1 Qxa2 Be3 Kc6 Nc1 Qc2 Ne4 Qxe4 fxe4 Re7 Nd3 fxe4 Nxc5 Bxc5 Bxc5 Ree8 Bd4 Kc7 Bxg7 Re7 c4 Kc8 Bf6 Rc7 Re1 Rxc4 Rxe4 a5 Rh4 Rc7 Rd4 Rc1+ Rf1 Rxf1+ Kxf1 Ra6 Bg7 Rg6 Be5 Re6 Rd6 Re8 Bc3 Rd8 Rd2 a4 Kg1 Re8 Rd8+ Rxd8 Bg7 Rd7 Bf6 Rf7 Bc3 Rc7 Bf6 Rf7 Bc3 Rc7 Bf6 a3 Kh1 Rf7 Bc3 Rc7 Bf6 Rf7 Ba1 Rf1#,2k5/1p5p/8/8/8/p7/6PP/B4r1K w - - 8 52
White,33,f3 d5 e4 e6 c3 c5 d4 f5 Bb5+ Bd7 Bxd7+ Kf7 Ba4 Nc6 Bxc6 e5 Bxb7 dxe4 fxe4 Rb8 Bc6 Qxd4 Nf3 Qxe4+ Bxe4 c4 Bxf5 Ne7 Rg1 Kg8 Qb3 Rxb3 Be6#,5bkr/p3n1pp/4B3/4p3/2p5/1rP2N2/PP4PP/RNB1K1R1 b Q - 1 17
Black,72,f3 d5 e4 e6 c3 c5 d4 f5 Bb5+ Bd7 Bxd7+ Kf7 Bxe6+ Kxe6 Bg5 Nc6 Bf4 Bd6 Ne2 Nxd4 Qxd4 Nf6 Qxd5+ Nxd5 Rf1 Bxf4 exd5+ Ke5 Nd4 cxd4 cxd4+ Kxd4 g3 Ke3 b4 Qf6 Nc3 Qxc3+ Kd1 Be5 Rb1 Qb3+ Kc1 Qc4+ Kd1 Qd3+ Kc1 Bc3 Rd1 Qd2+ Rxd2 Bxd2+ Kd1 Rhd8 b5 Bc3 g4 Kxf3 gxf5 Kg2 h4 Rxd5+ Kc2 Bf6 Rd1 Rxf5 b6 Rc8+ Kb1 Rf1 Rc1 Rcxc1#,8/pp4pp/1P3b2/8/7P/8/P5k1/1Kr2r2 w - - 0 37
White,33,f3 d5 e4 e6 c3 c5 d4 f5 Bb5+ Bd7 Bxd7+ Kf7 Bxe6+ Kxe6 Bg5 Nc6 Bf4 h6 exf5+ Kxf5 Be3 cxd4 Qxd4 Nf6 Qxa7 d4 Qxb7 Nh7 Bxd4 Qc8 Qxg7 Nf6 Qxf6#,r1q2b1r/8/2n2Q1p/5k2/3B4/2P2P2/PP4PP/RN2K1NR b KQ - 0 17
Black,50,f3 d5 e4 e6 c3 c5 d4 f5 Bb5+ Bd7 Bxd7+ Kf7 Bxe6+ Kxe6 Bg5 Nc6 Bf4 Bd6 Ne2 Nxd4 Qxd4 Nf6 Qxd5+ Nxd5 exd5+ Kxd5 O-O Re8 Rf2 Qb6 Nd2 Qxb2 Rb1 Qxa2 Nc1 Be7 Rxb7 Qa6 Rb8 Raxb8 Ne4 Rbc8 Nxc5 Qc4 Rd2+ Kc6 Rd4 Qxc3 Ne2 Qe1#,2r1r3/p3b1pp/2k5/2N2p2/3R1B2/5P2/4N1PP/4q1K1 w - - 2 26
Black,94,f3 d5 e4 e6 c3 c5 d4 f5 Bb5+ Bd7 Nd2 Nf6 Bc4 Nc6 exd5 Nxd4 cxd4 exd5 dxc5 a6 Ne2 Bxc5 Ne4 fxe4 Qxd5 Qc7 Bf4 O-O-O Qg8 Be6 Bxe6+ Nd7 O-O-O Rhxg8 Bf5 exf3 Bd6 Rgf8 Ng3 b5 gxf3 Kb8 Bxc7+ Kc8 Bf4 b4 Rd6 Bxd6 Rd1 Bxf4+ Kb1 g6 Rd4 Be3 Re4 Bc5 Re6 Nf6 Rc6+ Kb7 Rc8 gxf5 Nxf5 Rd5 Nd6+ Bxd6 Rc2 Rd3 Rc3 Rxc3 bxc3 bxc3 Ka1 Bxh2 Kb1 Bg1 Kc1 Bc5 Kb1 Kc8 Kc1 Nd5 Kb1 Rxf3 Kc1 Rf2 Kb1 Rb2+ Ka1 Re2 Kb1 a5 Ka1 Re1#,2k5/7p/8/p1bn4/8/2p5/P7/K3r3 w - - 2 48
Black,80,f3 d5 e4 e6 c3 Qf6 d3 Qe5 f4 h5 Nf3 Bd7 Be3 Qxe4 dxe4 c5 Qxd5 f5 Qxb7 Bc6 Ng5 Nf6 Ba6 Bxb7 b3 Bxe4 Bb7 Bxg2 Bxg2 Nd5 Bxd5 Nc6 Bd2 Kd7 Kf2 Be7 Nxe6 Kd6 Bc4 Bf6 Nd4 cxd4 Kg1 dxc3 Nxc3 Bxc3 Bd5 Rhf8 Re1 Bxd2 Re8 Raxe8 Bf3 Ne5 fxe5+ Kd7 Bb7 Kc7 Bf3 Be3+ Kf1 Bf4 Kg1 h4 Bg4 Kc8 Bxf5+ Kd8 Bh7 Rh8 Bf5 Rxe5 Kf1 Rf8 Bh7 Rh5 Bg6 Bd6+ Kg1 Rg5#,3k1r2/p5p1/3b2B1/6r1/7p/1P6/P6P/6KR w - - 8 41
Black,66,f3 d5 e4 e6 c3 c5 d4 f5 Bb5+ Bd7 Bxd7+ Kf7 Bxe6+ Kxe6 Bg5 Nc6 Bf4 Bd6 Ne2 Nxd4 Qxd4 Nf6 Qxd5+ Nxd5 exd5+ Kxd5 O-O Re8 Rf2 Qb6 Nd2 Qxb2 Rb1 Qxa2 Nc1 Qc4 Ne2 Qxf4 Nd4 Qxd4 Nb3 Qd3 Nxc5 Bxc5 Rd1 Kc4 Rd2 Qe2 Rd8 Raxd8 f4 Kxc3 g3 Qxf2+ Kh1 Kb2 g4 Kb1 gxf5 Qxf4 f6 Qxf6 Kg2 Re2+ Kh1 Rd1#,8/pp4pp/5q2/2b5/8/8/4r2P/1k1r3K w - - 4 34
Black,174,f3 d5 e4 e6 c3 b5 d4 c6 Bf4 Qd6 Ne2 f5 Be5 Nf6 exd5 exd5 Nf4 Nbd7 Bd3 Qxe5+ Be4 Qxe4+ fxe4 Bd6 e5 g6 Nh5 Bxe5 Nxf6+ Bxf6 O-O O-O Nd2 Ne5 dxe5 Bxe5 Nf3 Bxc3 Rc1 Kh8 Qd4+ Kg8 Qc5 Bxb2 Qxc6 Rb8 Qd6 Rb6 Qe5 a5 Qd4 Bxd4+ Rf2 Be3 Re1 Bc5 Rc1 Be3 Re1 Bc5 Rc1 Be3 Re1 Bc5 Rc1 Kg7 Rc2 Rc6 Ne5 Bb7 Nxc6 Bxc6 Rxc5 Rc8 Rxc6 Kg8 Rcc2 Re8 Rfe2 Rxe2 Rxe2 b4 Rd2 b3 Rxd5 bxa2 Kf2 a4 Rd2 f4 Rxa2 g5 Kg1 g4 Rf2 f3 Re2 a3 gxf3 gxf3 Re3 a2 Rxf3 h5 Rc3 a1=Q+ Rc1 Qb2 Rc2 Qb3 Rc3 Qb4 Rc4 Qb5 Rc5 Qb4 Rb5 Qc4 Rc5 Qd4+ Kh1 h4 Rd5 Qe4+ Kg1 Qe6 Rd6 Qe5 Re6 Qd5 Rd6 Qc5+ Rd4 h3 Kh1 Qe5 Rd5 Qe4+ Kg1 Qe6 Rd6 Qe5 Re6 Qd5 Rd6 Qc5+ Rd4 Qe5 Rd7 Qe6 Re7 Qd6 Rd7 Qe6 Re7 Qd6 Rd7 Qe6 Ra7 Qe3+ Kh1 Qd4 Rd7 Qg7 Rd8+ Qf8 Rd3 Qf3+ Kg1 Qg4+ Rg3 Qg7 Rg2 Qxg2#,6k1/8/8/8/8/7p/6qP/6K1 w - - 0 88
Black,50,f3 d5 e4 e6 c3 c5 d4 f5 Bb5+ Bd7 Bf1 Nc6 exf5 Nxd4 Qxd4 Nf6 Bf4 e5 Bxe5 Bxf5 Qe4 Nxe4 fxe4 dxe4 Bxg7 Rg8 Bc4 Rxg7 Nf3 Rxg2 Nd4 Qxd4 Bf1 Bh3 Bxg2 Bxg2 Rf1 Bd6 Rf2 Bf3 cxd4 cxd4 a4 O-O-O Nc3 dxc3 bxc3 Bf4 Rd1 Rxd1#,2k5/pp5p/8/8/P3pb2/2P2b2/5R1P/3rK3 w - - 0 26
White,29,f3 d5 e4 e6 c3 Kd7 d3 c5 Bf4 Bd6 Ne2 dxe4 fxe4 f5 exf5 Nf6 fxe6+ Kxe6 Nd2 Nc6 Ne4 Ne5 Nd4+ Kd5 Qa4 Be6 Qb3+ Nc4 Qxc4#,r2q3r/pp4pp/3bbn2/2pk4/2QNNB2/2PP4/PP4PP/R3KB1R b KQ - 0 15
White,83,d4 e5 e3 f6 f3 d5 c4 c6 Nc3 Bc5 Nxd5 exd4 Qxd4 Qxd5 Qxd5 cxd5 cxd5 Nc6 dxc6 bxc6 Bc4 Ne7 Ne2 Bd6 Nf4 a6 O-O Nf5 Be6 Nxe3 Bxe3 Bxf4 Bc4 Bg5 Bc5 Be3+ Rf2 Bxf2+ Bxf2 Rb8 Ba7 Rb4 Bc5 Rxc4 b3 Rc1+ Rxc1 Bf5 g4 Bd3 Rd1 Bc2 Rd2 Bb1 Rd1 Bc2 Rb1 Rf8 Rc1 Bd3 Rd1 Bc2 Rd2 Bb1 Rd1 Bc2 Kf2 a5 Rd2 Kf7 Kg1 Bb1 Rd1 Bc2 Rd2 Bg6 Rd6 Kg8 Rxc6 Be8 Rc8 Bf7 Rxf8#,5Rk1/5bpp/5p2/p1B5/6P1/1P3P2/P6P/6K1 b - - 0 42
Black,90,f3 d5 e4 e6 c3 c5 d4 f5 Bb5+ Bd7 Bxd7+ Kf7 Bxe6+ Kxe6 Be3 cxd4 Bg5 Nc6 Bf4 Bd6 Ne2 dxc3 Nbxc3 Nf6 Qxd5+ Nxd5 Nxd5 fxe4 fxe4 Qf6 Nec3 Qxf4 e5 Qxe5+ Kf1 Qxh2 Nf4+ Bxf4 g3 Qxb2 Rb1 Ne7 Kg1 Qc2 Rh2 Qd3 Rd1 Qxg3+ Rg2 Be5 Rd8 Rhxd8 Ne4 Qe3+ Nf2 Ng8 Rg4 Nf6 Re4 Qxe4 Nxe4 Bf4 Nc5+ Kd6 Nd3 Ke7 Nxf4 Rd4 Nh5 Rd2 Nxf6 Rxa2 Nd5+ Ke6 Kf1 Rf8+ Nf6 Rxf6+ Kg1 Kf7 Kh1 Kg8 Kg1 Re2 Kh1 Rd2 Kg1 Rf8 Kh1 Rf1#,6k1/pp4pp/8/8/8/8/3r4/5r1K w - - 12 46
Black,134,f3 d5 e4 e6 c3 c5 d4 f5 Bb5+ Bd7 Bxd7+ Kf7 Bxe6+ Kxe6 Bg5 Nc6 Bf4 Bd6 Ne2 Nxd4 Qxd4 Nf6 Ng3 fxe4 fxe4 dxe4 Qxe4+ Nxe4 O-O Nxc3 Nxc3 Qb6 Nge4 Qxb2 Be3 Ke7 Rab1 Qb4 Bxc5 Bxc5+ Nxc5 Qd4+ Rf2 Rhd8 N5e4 Rab8 Kf1 Qd6 Kg1 Qe6 Nc5 Qe3 Nd5+ Rxd5 Rxb7+ Rxb7 Kf1 Rbd7 Re2 Qe5 Ne4 Rd1+ Re1 R1d2 a4 Ra2 Re2 Ra1+ Re1 Rdd1 Ng3 Rxe1+ Kf2 Red1 Ne2 Qxh2 Nc3 Qe5 Nd5+ Kf8 Nb4 Qd4+ Ke2 Rg1 Nc6 Qe4+ Kf2 Rgd1 Nxa7 Qd4+ Ke2 Rg1 Nc6 Qe4+ Kf2 Rgd1 Kg3 Kg8 a5 Rac1 Kh2 Qf4+ g3 Qe3 Nb4 Qc5 Nd3 Rc2+ Nf2 Ra1 Kg2 Re1 a6 Qc6+ Kh2 Qd6 a7 Re7 Kh3 Rxa7 Ne4 Qe6+ g4 Rd7 Nc5 Re7 Nd3 Qe3+ Kh4 Rd7 Nb4 Qf3 g5 Rc4#,6k1/3r2pp/8/6P1/1Nr4K/5q2/8/8 w - - 1 68
Black,62,f3 d5 e4 e6 c3 c5 d4 Qf6 exd5 Qxd4 dxe6 fxe6 Qxd4 Nf6 b3 Nc6 Bc4 cxd4 Bf4 e5 Ne2 Bf5 Nxd4 Nxd4 Bd5 Nc2+ Kf1 O-O-O Be4 Nxe4 fxe4 Bxe4 Nd2 Bxg2+ Kf2 Bc6 Rhc1 Nd4 Bxe5 Nf3 Nxf3 Bc5+ Bd4 Bxd4+ Kg2 Bf6 Rab1 Rhf8 c4 Bxf3+ Kf2 Bc6 Kg1 Rd2 Rd1 Rxa2 Ra1 Rxa1 c5 Re8 Rf1 Bd4#,2k1r3/pp4pp/2b5/2P5/3b4/1P6/7P/r4RK1 w - - 3 32
White,95,Nc3 f5 e4 e6 f3 c5 d3 d6 exf5 Nf6 Bf4 e5 Kd2 Nc6 Nge2 Bxf5 Kc1 Be7 g4 Nd4 Nxd4 Bxd3 Ne6 e4 Nxe4 Bxe4 Qxd6 Bxf3 Bg2 Bxg2 Be3 Kf7 Qxd8 Rhxd8 Bd4 Kxe6 Rg1 Bc6 c3 Bd6 Bxf6 Bxh2 Bd4 Rxd4 Re1+ Re4 Rh1 Re2 Rxh2 Bf3 Rxh7 Re1+ Kd2 Rh1 Raxh1 Kf7 Rh8 Re8 R1h3 Bg2 Rh2 Bh3 Rh5 Bxg4 Rg5 Bf3 Rh7 Kg8 Rh3 Bg2 Re3 Bc6 Rxc5 b6 Rxc6 g6 Rxg6+ Kf7 Rd6 Re6 Rd7+ Re7 Rexe7+ Kf8 Kd3 b5 Re5 Kg8 Rh7 b4 Rxa7 bxc3 Kxc3 Kh8 Re8#,4R2k/R7/8/8/8/2K5/PP6/8 b - - 2 48
White,91,f3 d5 e4 e6 c3 c5 d4 Be7 Bb5+ Bd7 Bxd7+ Kf8 Bxe6 Nf6 Bxd5 Nc6 Bxc6 c4 Bxb7 Rb8 Bf4 Qd6 Bxd6 Rxb7 Qb3 Rxb3 Bc5 Rxb2 Ba3 Rxa2 Bb2 Rxb2 Nd2 Rc2 Kd1 Rxc3 Ne2 Ra3 Rc1 Rd3 d5 Bc5 Rxc4 Rxd5 Kc1 Rg5 f4 Rxg2 Nc3 Rg1+ Rxg1 Nxe4 Nf3 f5 Nxe4 Be3+ Kb1 fxe4 Rxe4 Bc5 Rc1 Bf2 Re2 Bb6 Rc8+ Kf7 Rec2 Re8 Ne5+ Kf8 Ka2 Bc5 Rc7 Re7 Rc8+ Re8 Rc7 Re7 h4 Rf7 Rxf7+ Kg8 Rd7 Be3 Nc4 Bxf4 Rf2 Bg3 Rf3 Bb8 Rd8#,1b1R2k1/p5pp/8/8/2N4P/5R2/K7/8 b - - 5 46
White,59,f3 d5 e4 e6 c3 c5 d4 f5 Bb5+ Bd7 Bxd7+ Kf7 Bxe6+ Ke8 Bf4 Nf6 Bxd5 Nxe4 Bxb7 Bd6 fxe4 Qb6 Ne2 Qxb2 Qb3 Qxa2 Nd2 Qa6 Rxa6 Bxf4 Nf3 c4 Qxc4 Be3 Qd3 fxe4 Qxe4+ Kf8 Re6 Kf7 Re8 Rf8 Rc8 Kg8 Rf1 Bf4 Nxf4 Nd7 Ne5 Nb6 Rxa8 Rxa8 Nc6 Re8 Qe6+ Kf8 Nxa7 Nc8 Ng6#,2n1rk2/NB4pp/4Q1N1/8/3P4/2P5/6PP/4KR2 b - - 2 30
Black,84,f3 d5 e4 e6 c3 c5 d4 f5 Bb5+ Bd7 Bxd7+ Kf7 Bxe6+ Kxe6 Bg5 Nc6 Bf4 Bd6 c4 Nf6 Ne2 fxe4 cxd5+ Kxd5 Nbc3+ Ke6 O-O exf3 Rxf3 cxd4 Qxd4 Qb6 Rb1 Qxd4+ Re3+ Kd7 Rf1 Qxf4 Re8 Rhxe8 Rc1 Rxe2 Rb1 Nd4 Rd1 Bc5 Rxd4+ Qd6 b4 Rc2 Nb5 Kc6 bxc5 Kxc5 Rc4+ Rxc4 g3 Rc2 Nd4 Rxa2 Nf5 Qe6 Kh1 Kb6 Nd4 Qd5+ Kg1 Rh8 Ne6 Qxe6 Kh1 Qc4 Kg1 Re8 Kh1 Qd5+ Kg1 Rae2 Kf1 Rxh2 g4 Rd2 Kg1 Re1#,8/pp4pp/1k3n2/3q4/6P1/8/3r4/4r1K1 w - - 3 43
White,101,f3 d5 e4 e6 c3 c5 d4 f5 Bb5+ Bd7 Bxd7+ Kf7 Bxe6+ Kxe6 Bg5 Nc6 Bf4 Bd6 Ne2 Nxd4 Qxd4 Nf6 Qxd5+ Nxd5 exd5+ Kxd5 O-O Re8 Rf2 Qb6 Nd4 cxd4 Bg3 dxc3 Nxc3+ Ke6 Re1+ Kd7 Rxe8 Rd8 Re5 f4 Bxf4 Qd4 Re4 Bc5 Be5 Qxf2+ Kh1 Qxb2 Re2 Qc1+ Re1 Qe3 Bd4 Bxd4 Rb1 Kc8 Ne4 Qd3 Nc3 Bxc3 Rc1 Qd2 Rc2 Rd3 Rxd2 Rd8 Rc2 Rd2 Rc1 Rc2 Rxc2 Kb8 Kg1 Bf6 Kf2 Bd4+ Kf1 Bb2 Kg1 Bf6 Rd2 Bc3 Rc2 Bf6 Rd2 Bc3 Rc2 Bf6 Rd2 Bc3 h3 Kc8 Rc2 Kb8 Kf1 Bf6 Kg1 Ka8 Rc8#,k1R5/pp4pp/5b2/8/8/5P1P/P5P1/6K1 b - - 8 51
Black,42,f3 d5 e4 e6 c3 c5 d4 f5 Bb5+ Bd7 Bxd7+ Kf7 Bxe6+ Kxe6 Bg5 Nc6 Bf4 Bd6 Ne2 Nxd4 Qxd4 Nf6 Kd2 a5 Qxd5+ Nxd5 exd5+ Kxd5 Kc1 Re8 Re1 Qh4 Bg3 Qxg3 Nf4+ Bxf4+ Kd1 Qxg2 Re2 Qxf3 Na3 Qxe2#,r3r3/1p4pp/8/p1pk1p2/5b2/N1P5/PP2q2P/R2K4 w - - 0 22
Black,74,f3 d5 e4 e6 c3 c5 d4 f5 Bb5+ Bd7 Bxd7+ Kf7 Bxe6+ Kxe6 Qd3 fxe4 Qxe4+ dxe4 Bg5 Nc6 Bf4 Bd6 Ne2 exf3 gxf3 Nxd4 cxd4 Nf6 Nbc3 cxd4 O-O dxc3 Rfc1 cxb2 Rab1 Be5 Rc3 Qd5 Rxb2 Bxc3 Nxc3 Qxf3 Rf2 Qd3 Rd2 Qc4 Rd4 Rhc8 Re4+ Qxe4 Nxe4 Kf5 Nd6+ Kg4 Be3 Re8 Bc5 b6 Bd4 Rad8 a4 Rxd6 Bc5 Rd1+ Kg2 Re2+ Bf2 Ra2 a5 Re2 axb6 Nd5 bxa7 Nf4#,8/P5pp/8/8/5nk1/8/4rBKP/3r4 w - - 1 38
White,65,h3 d5 e3 Bf5 e4 e6 f3 Bxe4 d3 c5 c3 f6 Bf4 Qd6 Bg3 Qxg3+ Ke2 Nc6 Qe1 Qxf3+ Nxf3 O-O-O Nbd2 Bxf3+ Ke3 Bxg2 Bxg2 Kb8 Qf1 Nge7 Ne4 Nf5+ Kf2 dxe4 Bxe4 Be7 Bxf5 exf5 Ke2 Nd4+ cxd4 cxd4 Qxf5 g6 Qe4 Bc5 Rhc1 Rc8 Kf1 Rhe8 Qh4 g5 Rc2 Bb6 Qf2 Re1+ Rxe1 Rxc2 Re7 Rc7 Qxf6 Rc6 Qe5+ Rc7 Re8#,1k2R3/ppr4p/1b6/4Q1p1/3p4/3P3P/PP6/5K2 b - - 4 33
White,83,f3 d5 e4 e6 c3 c5 d4 f5 Bb5+ Bd7 Bxd7+ Kf7 Bxe6+ Kxe6 Bg5 Nc6 Bf4 Bd6 Ne2 Nxd4 Qxd4 Nf6 Bc1 fxe4 Nf4+ Bxf4 O-O Kf5 Nd2 cxd4 Nxe4 dxc3 Nxf6 cxb2 Bxb2 Qxf6 Be5 Rhd8 Bxf6 Kg6 Bc3 Rac8 Bd4 Bh6 Bxa7 Rc1 Raxc1 Ra8 Rb1 Bf4 Rxb7 Rb8 Bxb8 Bxh2+ Kh1 Bf4 Bc7 Kg5 Rd1 d4 Ba5 Kh6 Rxd4 Bb8 Bc3 Be5 Re7 Bf6 Re8 Kg6 Kg1 Bg5 Rd6+ Kf7 Re5 Be7 Rd7 Ke8 Rdxe7+ Kf8 Rd7 Kg8 Re8#,4R1k1/3R2pp/8/8/8/2B2P2/P5P1/6K1 b - - 4 42
White,117,f3 d5 e4 e6 c3 c5 d4 f5 Bb5+ Ke7 g3 Bd7 Bd3 fxe4 Bxe4 Nf6 Bf4 Nc6 Bxd5 Nb4 Bxb7 Bc6 dxc5 Nd3+ Ke2 Bxf3+ Nxf3 Nxc5 Qd4 Rc8 Nbd2 Ke8 Ne4 Nfxe4 Qd6 e5 Qxe5+ Kd7 Qxe4 Rc6 Bxc6+ Kc8 Kf1 Qd5 Qa4 Qxc6 b3 Qxf3+ Kg1 Qxc3 Rc1 Qxb3 Qxa7 Qa4 Re1 Rg8 Qf7 Qb3 Qxb3 Rh8 Qd5 h6 Qd6 Nd3 Re8+ Kb7 Rxf8 Rh7 Qxd3 Rh8 Bd6 Kc6 Be7 Rxf8 Bg5 Rd8 Qc3+ Kd7 Bf4 Rc8 Qxg7+ Ke8 Qb7 Rc7 Qe4+ Re7 Qc6+ Kf8 Qf6+ Rf7 Qd6+ Kg8 Qa6 Rf8 Qe6+ Kh8 Qd6 Kg8 Qe6+ Rf7 Qe5 h5 Qd5 h4 Qe5 hxg3 Bxg3 Ra7 Bf2 Re7 Bd4 Rd7 Qe6+ Rf7 Qe7 Rg7+ Qxg7#,6k1/6Q1/8/8/3B4/8/P6P/6KR b - - 0 59
White,75,f3 d5 e4 e6 Na3 c5 c3 f6 d4 Nc6 Nc4 Nxd4 Be2 Nxf3+ Nxf3 Ne7 Qxd5 Nxd5 exd5 exd5 b4 b5 Nb6 Bb7 bxc5 Bxc5 Nd7 Rc8 Nxc5 Rxc5 Bd3 Rxc3 Be3 Qe7 Kd2 Rc1 Rhxc1 O-O Bc5 Qe5 Bxa7 Ra8 Bc5 Bc6 Nxe5 Rc8 Bf5 Rc7 Bd6 Rd7 Rxc6 b4 Kc1 Rd8 h3 g6 Kc2 b3+ Kb1 bxa2+ Rxa2 fxe5 Bc7 Rd6 Rac2 Rd8 Be6+ Kh8 Bf7 Rd7 Be6 Re7 Bd8 Re8 Bf6#,4r2k/7p/2R1BBp1/3pp3/8/7P/2R3P1/1K6 b - - 13 38
Black,126,f3 d5 e4 e6 c3 c5 d4 f5 Bb5+ Bd7 Bxd7+ Kf7 Bxe6+ Kxe6 Bg5 dxe4 Be7 Nc6 Bxc5 Qxd4 cxd4 Bxc5 Ne2 Nxd4 Qxd4 Nf6 Kd1 Rhc8 Qxe4+ Nxe4 Nbc3 Nf2+ Kd2 Ne4+ Nxe4 fxe4 Nf4+ Kf5 Nd3 Ke6 fxe4 Kd6 Kc1 Re8 Re1 Rad8 Rb1 Kc6 Nf4 Bf2 Re2 h6 e5 Be3+ Rxe3 Rf8 Ne6 Kd7 Nc5+ Kc6 Ne6 Kd7 Nc5+ Kc6 Ne6 Kd7 Nc5+ Kc6 Ne6 Kd7 Nc5+ Kc6 Rh3 Rfe8 Nd3 Kc7 Rg3 Kc8 Ra1 Rf8 Rb1 Rf7 Rf3 Rc7+ Kd1 h5 Rc1 h4 Re3 Rxd3+ Ke1 Rxe3+ Kd2 Rec3 Re1 h3 Kd1 hxg2 Re2 Rd3+ Rd2 Re3 Re2 Rd3+ Rd2 Re3 Re2 Rd3+ Rd2 a6 Ke1 Re3+ Re2 Rxe2+ Kd1 Rxb2 Ke1 Rxa2 Kd1 Rc3 Ke1 Re3+ Kd1 Rxe5 Kc1 Re1#,2k5/1p4p1/p7/8/8/8/r5pP/2K1r3 w - - 2 64
White,95,g4 d5 Nc3 c6 f3 e5 e3 Qc7 Nxd5 Bd6 c4 f6 d3 cxd5 cxd5 Nc6 dxc6 Bb4+ Bd2 Bxd2+ Kf2 Ba5 cxb7 Qxb7 Qa4+ Bd7 Qc4 Qxb2+ Ne2 e4 Qc1 Rb8 Qe1 Bxe1+ Kxe1 exf3 Rd1 Qxe2+ Bxe2 Bc6 Bxf3 Nh6 Rf1 Rc8 Ra1 O-O d4 Nf5 gxf5 Rfe8 d5 Rxe3+ Kf2 Re5 Kg1 Rxd5 Rae1 Rxf5 Bg2 Rxf1+ Rxf1 Rc7 Bf3 a5 Rf2 a4 Rf1 Rc8 Bg4 f5 Bxf5 Ba8 Rf4 Bb7 Rb4 Rc5 Be6+ Kh8 Rc4 Rc6 Bf7 Rf6 Rc7 Rc6 Re7 Rc7 Rxc7 Bf3 Rc3 Bd5 Rc7 Bb3 Bxb3 axb3 Rc8#,2R4k/6pp/8/8/8/1p6/P6P/6K1 b - - 1 48
White,143,f3 d5 e4 e6 c3 c5 d4 f5 Bb5+ Bd7 Bxd7+ Kf7 Bxe6+ Kxe6 Bg5 Nc6 Bf4 Bd6 Ne2 Nxd4 Qxd4 Nf6 Qxd5+ Nxd5 exd5+ Kf6 O-O Re8 Rf2 Be7 Nd4 Qd6 Ne6 Qxd5 Nc7 Qd6 Ne6 Kxe6 Be3 Qe5 Bxc5 Bf6 Bd4 Kf7 g4 Rg8 Nd2 f4 Ne4 Kf8 Nxf6 Qxf6 Bc5+ Qe7 Bd4 Rd8 Bxa7 Qe3 h4 Rd1+ Rxd1 Qe4 a4 Qe2 Rd7 Qe7 Rfd2 Qe3+ Bxe3 Ke8 Bxf4 Rf8 Rxg7 Rf7 Rxf7 b6 Rxh7 Kf8 Rb7 Kg8 g5 b5 axb5 Kh8 Rb8+ Kh7 Rf8 Kg7 Re8 Kf7 Red8 Ke7 Rc8 Kf7 Rc7+ Kg8 Rc4 Kh8 Rc8+ Kh7 Rh2 Kg7 Rg8+ Kf7 Re8 Kxe8 Re2+ Kf8 h5 Kg8 Re8+ Kf7 Rd8 Ke7 Rd2 Kf7 Rd7+ Ke8 Rd8+ Kxd8 g6 Kc8 g7 Kd8 b6 Kc8 b7+ Kxb7 c4 Ka7 Bc7 Kb7 Bf4 Kc8 c5 Kd8 c6 Kc8 h6 Kd8 h7 Kc8 g8=Q#,2k3Q1/7P/2P5/8/5B2/5P2/1P6/6K1 b - - 0 72
White,113,f3 d5 e4 e6 c3 c5 d4 f5 Bb5+ Bd7 Bxd7+ Qxd7 exf5 exf5 Bf4 Nc6 g4 Ke7 Qc2 Nxd4 cxd4 Qd6 Nc3 Qa6 gxf5 Nf6 dxc5 Qd6 cxd6+ Kd7 O-O-O Bxd6 Nxd5 Nxd5 Ne2 Nxf4 Nc3 Rhf8 f6 gxf6 Qxh7+ Rf7 Qxf7+ Kc6 Qxf6 Nd5 Nxd5 Re8 Rdg1 Re7 Nc3 Rf7 Ne4 Re7 Qxd6+ Kb5 Nc3+ Kc4 Ne4 Rf7 Qf6 Rd7 Qe6+ Rd5 Rg7 Kd4 Rxb7 Re5 Qd6+ Rd5 Rxa7 Kc4 Rc7+ Rc5 Qxc5+ Kd3 Rd1+ Ke2 f4 Kf3 Nf6 Kg2 Rc6 Kxh2 Rc8 Kg3 f5 Kf4 Qd6+ Kxf5 Nd5 Ke4 Nf6+ Kf5 Nd5 Ke4 Nf6+ Kf5 Nd5 Ke4 Nf6+ Kf5 Nd5 Ke4 Rg8 Kf3 Rf8+ Ke4 Rh1 Kd4 Rh5 Kc4 Ne3#,5R2/8/3Q4/7R/2k5/4N3/PP6/2K5 b - - 23 57
Black,64,f3 d5 e4 e6 c3 c5 d4 f5 Bb5+ Bd7 Bxd7+ Kf7 Bxe6+ Kxe6 Bg5 Nc6 Bf4 Bd6 Ne2 Nxd4 Qxd4 Nf6 Qxd5+ Nxd5 exd5+ Kxd5 h3 Qb6 Bg5 Qxb2 Bc1 Qxa1 Bb2 Qxa2 Nc1 Qxb2 Nd3 f4 O-O Qb5 c4+ Qxc4 Nxf4+ Kc6 Nd2 Qd4+ Rf2 Bxf4 Ne4 Rhf8 h4 Qf6 g3 Bc7 Nd6 Qxf3 Nf5 Qxf5 g4 Qxg4+ Rg2 Qxh4 Rh2 Qxh2#,r4r2/ppb3pp/2k5/2p5/8/8/7q/6K1 w - - 0 33
White,43,f3 d5 e4 b5 Ne2 e5 Nbc3 c6 d4 f6 Nxd5 Qxd5 c3 Qxd4 Nxd4 exd4 Bf4 dxc3 bxc3 Nd7 Qd6 Nb6 Rg1 Na4 Qb8 Bd6 Bxd6 Nb6 Qc7 Nc4 Qxc6+ Bd7 Qd5 O-O-O Bc5 Kb8 Qxc4 b4 Qxb4+ Ka8 Qa5 Rc8 Qxa7#,k1r3nr/Q2b2pp/5p2/2B5/4P3/2P2P2/P5PP/R3KBR1 b Q - 0 22
Black,52,f3 d5 e4 e6 c3 c5 d4 f5 Bb5+ Bd7 Bxd7+ Kf7 Bxe6+ Kxe6 Bg5 Nc6 Qb3 cxd4 Qxb7 Rb8 Qxc6+ Qd6 Qxd5+ Qxd5 Bf4 Rxb2 exf5+ Qxf5 a4 Nf6 Bc1 Rxb1 Ne2 Bc5 cxd4 Kd5 Ng3 Qc2 Ra2 Qc4 Rb2 Ra1 Rb1 Bxd4 Bb2 Rxb1+ Kd2 Rg1 Bxd4 Rxg2+ Ke3 Qxd4#,7r/p5pp/5n2/3k4/P2q4/4KPN1/6rP/7R w - - 0 27
Black,88,f3 d5 e4 h5 c3 e6 d3 c5 Bf4 Qd6 Be3 d4 Bxd4 Nd7 Bxg7 Rh7 Bxf8 Ne7 Bxe7 Qb6 Bxc5 Qxb2 Ba3 Qxa1 Nd2 Qxc3 Qb3 Qe5 Nc4 f5 Nd6+ Kf8 Qxb7 Qxd6 Qd5 fxe4 Qxe4 Qe7 Bxe7+ Kg8 Bd6 Nb6 Bc5 Rc7 Bxb6 Rb7 Bc5 Rab8 f4 Rc7 Qe5 Rbb7 Nf3 Bd7 d4 h4 Bc4 a5 Qxe6+ Bxe6 Ne5 Bxc4 Nxc4 Rb4 Nxa5 Ra4 Bb6 Rf7 Nc6 Rb4 Bc5 Rb2 Ba3 Rxa2 Nd8 Rd7 Ne6 Kf7 Nc5 Rxd4 Bb2 Rc4 Ne4 Rc8 Nd6+ Ke7 Be5 Rc1#,8/4k3/3N4/4B3/5P1p/8/r5PP/2r1K2R w K - 8 45
Black,92,f3 d5 e4 e6 c3 c5 d4 f5 Bb5+ Bd7 Bxd7+ Kf7 Bxe6+ Kxe6 Bg5 Nc6 Bd2 Nxd4 cxd4 a5 Nc3 Nf6 Nxd5 Nxe4 fxe4 fxe4 Nf4+ Kd6 Nd3 cxd4 Nf3 a4 Nf4 exf3 Qxf3 Qb6 Qb3 Qxb3 Bc3 Qxc3+ bxc3 Ke5 Ng6+ hxg6 cxd4+ Kf4 O-O+ Ke3 Rxf8 Rhxf8 Rb1 Rab8 d5 Rfd8 Rd1 Ke2 Rd4 Ke3 Rg4 Rd6 a3 Ra8 Rxg6 Rad8 Rxg7 Ra6 Rxb7 Rad6 Rd7 R6xd7 d6 Rxd6 Kh1 Rd3 Kg1 Ke2 Kh1 Rb3 Kg1 Re3 Kh1 Kf1 g3 Rd7 g4 Rg7 g5 Rh3 g6 Re3 h4 Rh3#,8/6r1/6P1/8/p6P/P6r/8/5k1K w - - 1 47
Black,92,Nf3 d5 Nc3 e6 e3 c5 Bb5+ Nc6 d4 f5 O-O Nf6 e4 cxd4 exd5 dxc3 Bxc6+ bxc6 dxc6 cxb2 Bxb2 Qb6 Bc3 Qc5 Qd4 Ne4 Qxg7 Ng3 Qb7 Rg8 Qg7 Rxg7 Bf6 Ne4 Be5 Bd7 c3 Qxc3 Nd4 Qc5 f4 Qxc6 Rae1 Qd5 Rf2 Qa5 Nb3 Qd2 Rxe4 Qd6 Ree2 O-O-O Bd4 Kb8 Bf6 Qe7 Bxe7 h6 Bg5 hxg5 Nd4 Bc5 Nxe6 Bxe6 Re5 Bd5 Re4 Bd6 Re5 gxf4 Rfe2 Be4 R2xe4 fxe4 Re8 Be7 Rxe7 Rdg8 Rxe4 Rxg2+ Kh1 Rf2 a4 Re8 Kg1 Kc7 Rc4+ Kb8 Rc1 Ra2 Rc4 Re1#,1k6/p7/8/8/P1R2p2/8/r6P/4r1K1 w - - 9 47
Black,102,Nf3 d5 Nc3 e6 e3 Kd7 Ne5+ Kd6 Nxf7+ Ke7 Qf3 Nf6 Ne2 Rg8 Ne5 Nc6 d4 Nb4 c4 Nc2+ Kd1 b6 Qxd5 Qxd5 Rb1 h6 f3 Nxd4 g3 Qe4 fxe4 c5 Nc3 Kd6 Nd3 Ba6 Nxc5 Kxc5 Bd3 Bxc4 Be2 Bd6 Rf1 Bxe2+ Ke1 Bc4 Bd2 Ng4 Rf8 Raxf8 h3 Nf6 Kf2 g5 Rf1 Nb3 Be1 g4 Kg2 Nd4 Rf5+ Nxf5 Bf2 h5 h4 Bxg3 exf5 Bc7 Bg3 Nd5 e4 Rxf5 exd5 e5 d6 Kc6 b3 Bd5+ Kg1 Rf4 Bf2 Rf3 Be1 Re3 Bd2 Bc4 Kh1 Re2 Bg5 Rc2 Bf6 Rf8 Bg7 Rf7 Bxe5 Bxd6 Bd4 Bc5 Be5 Re2 Nd1 Rf1#,8/p7/1pk5/2b1B2p/2b3pP/1P6/P3r3/3N1r1K w - - 6 52
White,123,Nf3 d5 Nc3 e6 e3 c5 Bb5+ Nc6 d4 f5 O-O Nf6 Bd2 cxd4 exd4 Be7 Bf4 Qd6 Qd2 e5 dxe5 Qb4 exf6 Be6 fxg7 Rg8 Ng5 Bf7 Bd3 Qxf4 Nf3 Qe4 Qd1 O-O-O Bxe4 Be6 Bxd5 Rxd5 Qxd5 b5 Qxe6+ Kb7 Qf7 Rf8 Qxf8 b4 Qxf5 Nd4 Qe4+ Nc6 Rae1 b3 cxb3 Bf6 g8=N Bg7 Qxh7 Nd8 Re8 Ne6 Qh6 Nc7 Rd8 Ne6 Rd7+ Kc8 Rf7 Nd8 Re7 Bxc3 Rb1 Nc6 Qe6+ Kd8 Rf7 Nd4 Qd6+ Ke8 Rc7 Nb5 Qe5+ Bxe5 Rb7 Bxb2 Rxa7 Kf8 Rb7 Nc3 Nd2 Ba3 Nf6 Be7 Nfe4 Nxe4 Rd7 Nf6 Rc7 Bd6 Rc6 Bf4 Nf3 Nd5 Rg6 Nc3 Rb2 Kf7 Rc6 Nd1 Rd2 Ne3 fxe3 Bh6 e4 Bf4 g3 Bb8 Rc8 Ba7+ Kh1 Kg7 Rc7+ Kg8 Rd8#,3R2k1/b1R5/8/8/4P3/1P3NP1/P6P/7K b - - 8 62
Black,148,Nf3 d5 Nc3 e6 e3 c5 Bb5+ Nc6 d4 Qf6 O-O Qxd4 Qxd4 f5 Qxd5 Nf6 Qxc6+ Bd7 Qxb7 Rb8 Ba6 Bd6 Rd1 Nd5 Rxd5 Ke7 Qc8 Bxc8 Bc4 Rb4 Rd4 cxd4 Nh4 g5 Ng6+ hxg6 Bd3 f4 exf4 Bxf4 a3 Rb8 Bxf4 Rxb2 Be5 Rd8 Na4 Ra2 Bxd4 Rxd4 Nc3 Rxa3 Nb5 Rdxd3 Rxa3 Rd5 Nd4 Rd7 Nf3 g4 Ra4 Rc7 Rc4 Kd8 Ne5 g5 f4 gxf3 c3 fxg2 Nc6+ Rxc6 Rc5 Bd7 Ra5 g4 Ra4 Rc7 Rd4 e5 Rd3 e4 Re3 a6 Kf2 Bc6 Kg3 g1=Q+ Kf4 Qf2+ Rf3 Qa7 Rf1 Bb5 Rc1 Qf2+ Kg5 Qd2+ Kf5 e3 Rh1 Bc6 Ra1 Qb2 Ra2 Qd2 Ra3 Qd6 Ra2 Bg2 Rd2 Qd5+ Kf4 Qxd2 Kg3 Bf3 Kf4 Re7 c4 Qe2 c5 Qc2 Kg3 Kc8 c6 Qe4 Kh4 Qe5 h3 a5 hxg4 a4 Kh3 Re8 Kh4 Qf6+ Kg3 Be4 g5 Qe5+ Kg4 Bg2 Kh5 Bf3+ Kg6 Qd6+ Kf5 Rf8#,2k2r2/8/2Pq4/5KP1/p7/4pb2/8/8 w - - 9 75
Black,126,Nf3 d5 Nc3 e6 e3 c5 Bb5+ Nc6 d4 f5 O-O Nf6 Bd2 cxd4 exd4 g5 Rc1 g4 Bg5 Bg7 Ra1 gxf3 Bxf6 O-O Be5 h6 Rc1 Nxd4 Re1 Ne2+ Rxe2 fxe2 f4 exd1=R+ Rxd1 Qb6+ Rd4 Bxe5 Ne2 Bxd4+ Nxd4 h5 c3 Qd6 Nxf5 Qa6 g4 hxg4 Nd4 Qxa2 c4 Qxb2 Nc6 dxc4 Ba4 Qb3 Ne5 Rxf4 Nxc4 Qb4 Be8 Rf8 Nb6 Rb8 Nd5 Qd4+ Ne3 e5 Bg6 Bf5 Bxf5 Qxe3+ Kh1 Qf3+ Kg1 Rbe8 Bd7 Qf5 Ba4 Qe4 Bd1 Qf3 Ba4 Qc6 Bd1 Qh6 Be2 Qe3+ Kh1 Qf3+ Bxf3 e4 Kg2 gxf3+ Kg1 e3 Kh1 Rf7 h4 Kh7 Kg1 Rf4 h5 Rf5 h6 Rff8 Kh2 Rf7 Kg3 Rd8 Kg4 Re8 Kh5 f2 Kg5 f1=R Kh5 Kg8 h7+ Kh8 Kg6 Rxh7 Kg5 Rg1+ Kf5 Rf7#,4r2k/pp3r2/8/5K2/8/4p3/8/6r1 w - - 4 64
Black,104,Nf3 d5 Nc3 e6 e3 c5 Bb5+ Nc6 d4 f5 O-O Nf6 Bd2 cxd4 exd4 Be7 Bf4 Qd6 Qd2 e5 dxe5 Bd8 exf6 Qb4 fxg7 Be6 Rae1 Ba5 Qc1 Kf7 g8=R Rhxg8 Ng5+ Kf6 f3 Nd4 Nxe6 Qxc3 Ba4 Qc4 b4 Qxb4 Bb3 Nxe6 c3 Bc7 Be3 Qc4 Rd1 f4 Rxd5 b5 Rd8 Rgxd8 Bd4+ Qxd4+ Rf2 Qe3 Qc2 Rd3 Qd2 Qxd2 Bd5 Ng7 Be4 Rad8 Bxd3 Qe1+ Rf1 Qd2 Rf2 Qe1+ Rf1 Qe2 Ra1 Qb2 Rb1 Qd2 Rb2 Qc1+ Bf1 Ne6 Rc2 Qd2 Bd3 Qxd3 Rc1 Qd2 Rb1 Qd3 Rb3 Qe2 Rb2 Qd2 Rb3 Qxa2 Kh1 Rb8 Ra3 Qb2 Rb3 Qc2 Rb2 Qc1#,1r6/p1b4p/4nk2/1p6/5p2/2P2P2/1R4PP/2q4K w - - 8 53
White,93,Nf3 d5 Nc3 e6 e3 c5 Bb5+ Nc6 Bf1 Nd4 exd4 f6 Bb5+ Bd7 d3 Bc6 Qe2 e5 Qxe5+ Be7 Qg3 Kf8 O-O Rc8 Bf4 g5 Bb8 Qc7 Qxc7 Re8 Bxc6 Rd8 Qd6 Bxd6 Bc7 Rb8 Nb5 Ra8 Rad1 Be7 Bxb7 Rd8 Bd6 Rd7 Bc6 Rxd6 Bb7 Rb6 c4 dxc4 Be4 Kf7 dxc4 Re6 Bf5 Nh6 Bd3 Ra6 Nc7 Rc6 Be4 Rg8 Nb5 Re6 Ne5+ Rxe5 f3 Nf5 dxe5 Ne3 Rde1 Nxc4 Bb7 Nd6 exd6 Rb8 Rxe7+ Kg8 Rc1 g4 Bc6 Rc8 Rc7 Rf8 Bd5+ Rf7 Rxf7 a6 Nc7 c4 Re1 a5 Re8#,4R1k1/2N2R1p/3P1p2/p2B4/2p3p1/5P2/PP4PP/6K1 b - - 1 47
Black,82,Nf3 d5 Nc3 e6 Ne5 f6 Nf7 h5 e3 Rh7 Bd3 f5 Ng5 Rh8 Nf7 Rh7 Ng5 Rh8 Bxf5 c5 Nxe6 Ne7 e4 dxe4 g4 Nxf5 Nc7+ Qxc7 Nd5 Qd6 Nb6 Qxb6 Rg1 Nd4 h3 Nf3+ Kf1 Bxg4 Rxg4 Qf6 c3 hxg4 Qa4+ Qc6 Qd4 Rg8 Qc4 Ne5 d3 exd3 Qb3 c4 f4 gxf3 Bf4 Ng6 Be3 Qe6 Qb6 Qxb6 Bc1 Qe6 b3 Ne5 Bf4 Qf5 Bg3 Qg5 a4 Nbc6 Bf4 Qf5 Be3 Qe4 Kf2 Rh8 Rh1 Bb4 Bd4 Bxc3 Re1 Qxe1#,r3k2r/pp4p1/2n5/4n3/P1pB4/1Pbp1p1P/5K2/4q3 w q - 0 42
